,PLAYER_NAME,TEAM_NAME,POSITION,HEIGHT,WEIGHT,COUNTRY,BIRTHDATE,SEASON_EXP,DRAFT_NUMBER,GP,MIN,PTS,REB,AST,STL,BLK,SALARY,AGE
0,Precious Achiuwa,Raptors,Forward,203,21.0,Nigeria,1999-09-19,2,20,,,,,,,,2711280,"23 Years, 0 months, 5 days"
1,Steven Adams,Grizzlies,Center,211,24.0,New Zealand,1993-07-20,9,12,,,,,,,,17073171,"29 Years, 2 months, 4 days"
2,Bam Adebayo,Heat,Center-Forward,206,24.0,USA,1997-07-18,5,14,64.0,2143.0,1197.0,573.0,346.0,75.0,66.0,28103550,"25 Years, 2 months, 6 days"
3,Santi Aldama,Grizzlies,Forward-Center,211,20.0,Spain,2001-01-10,1,30,,,,,,,,1994520,"21 Years, 8 months, 14 days"
4,LaMarcus Aldridge,Nets,Center-Forward,211,23.0,USA,1985-07-19,16,2,5.0,130.0,64.0,24.0,13.0,3.0,11.0,2641691,"37 Years, 2 months, 5 days"
5,Nickeil Alexander-Walker,Jazz,Guard,196,19.0,Canada,1998-09-02,3,17,,,,,,,,3261480,"24 Years, 0 months, 22 days"
6,Grayson Allen,Bucks,Guard,193,19.0,USA,1995-10-08,4,21,,,,,,,,4054695,"26 Years, 11 months, 16 days"
7,Jarrett Allen,Cavaliers,Center,208,23.0,USA,1998-04-21,5,22,51.0,1544.0,672.0,506.0,86.0,25.0,71.0,20000000,"24 Years, 5 months, 3 days"
9,Kyle Anderson,Timberwolves,Forward-Guard,206,21.0,USA,1993-09-20,8,30,,,,,,,,9937150,"27 Years, 9 months, 18 days"
10,Giannis Antetokounmpo,Bucks,Forward,211,23.0,Greece,1994-12-06,9,15,61.0,2013.0,1717.0,671.0,357.0,72.0,73.0,39344970,"30 Years, 2 months, 6 days"
11,Thanasis Antetokounmpo,Bucks,Forward,198,20.0,Greece,1992-07-18,4,51,57.0,551.0,166.0,124.0,46.0,22.0,10.0,1729217,"38 Years, 3 months, 26 days"
12,Carmelo Anthony,Lakers,Forward,201,22.0,USA,1984-05-29,19,3,,,,,,,,2641691,"22 Years, 4 months, 9 days"
13,Cole Anthony,Magic,Guard,190,17.0,USA,2000-05-15,2,15,47.0,1273.0,605.0,221.0,192.0,30.0,18.0,3449400,"25 Years, 2 months, 7 days"
14,OG Anunoby,Raptors,Forward,201,22.0,United Kingdom,1997-07-17,5,23,43.0,1433.0,682.0,237.0,94.0,66.0,32.0,16071429,"28 Years, 5 months, 29 days"
15,Ryan Arcidiacono,Bulls,Guard,190,18.0,USA,1994-03-26,6,Undrafted,44.0,450.0,136.0,67.0,56.0,9.0,0.0,586136,"34 Years, 10 months, 14 days"
16,D.J. Augustin,Lakers,Guard,180,17.0,USA,1987-11-10,14,9,,,,,,,,7622467,"21 Years, 8 months, 21 days"
17,Deni Avdija,Wizards,Forward,206,20.0,Israel,2001-01-03,2,9,54.0,1257.0,342.0,262.0,63.0,32.0,15.0,4692840,"24 Years, 2 months, 1 days"
18,Deandre Ayton,Suns,Center,211,23.0,Bahamas,1998-07-23,4,1,69.0,2115.0,997.0,727.0,99.0,41.0,81.0,12632950,"23 Years, 0 months, 7 days"
19,Udoka Azubuike,Jazz,Center-Forward,213,25.0,Nigeria,1999-09-17,2,27,15.0,57.0,16.0,13.0,0.0,1.0,4.0,2075880,"23 Years, 6 months, 10 days"
20,Marvin Bagley III,Pistons,Forward,211,22.0,USA,1999-03-14,4,2,,,,,,,,11312114,"21 Years, 1 months, 2 days"
21,LaMelo Ball,Hornets,Guard,201,17.0,USA,2001-08-22,2,3,51.0,1469.0,803.0,302.0,313.0,81.0,18.0,8231760,"24 Years, 10 months, 28 days"
22,Lonzo Ball,Bulls,Guard,198,18.0,USA,1997-10-27,5,2,,,,,,,,18604651,"24 Years, 4 months, 12 days"
23,Mo Bamba,Magic,Center,213,22.0,USA,1998-05-12,4,6,46.0,725.0,367.0,265.0,35.0,14.0,58.0,7568742,"24 Years, 2 months, 30 days"
24,Desmond Bane,Grizzlies,Guard,196,20.0,USA,1998-06-25,2,30,68.0,1519.0,625.0,210.0,118.0,41.0,16.0,2033160,"22 Years, 10 months, 17 days"
25,Dalano Banton,Raptors,Forward,201,19.0,Canada,1999-11-07,1,46,,,,,,,,925258,"30 Years, 3 months, 25 days"
26,Harrison Barnes,Kings,Forward,203,21.0,USA,1992-05-30,10,7,58.0,2102.0,933.0,385.0,201.0,43.0,11.0,20284091,"21 Years, 1 months, 23 days"
27,Scottie Barnes,Raptors,Forward,201,21.0,USA,2001-08-01,1,4,,,,,,,,7280520,"22 Years, 3 months, 10 days"
28,RJ Barrett,Knicks,Forward-Guard,198,20.0,Canada,2000-06-14,3,3,72.0,2511.0,1264.0,414.0,217.0,53.0,20.0,8623920,"31 Years, 8 months, 18 days"
29,Will Barton,Wizards,Guard,196,17.0,USA,1991-01-06,10,40,,,,,,,,15384615,"21 Years, 10 months, 27 days"
30,Charles Bassey,76ers,Center-Forward,206,21.0,Nigeria,2000-10-28,1,53,,,,,,,,925258,"26 Years, 8 months, 1 days"
31,Keita Bates-Diop,Spurs,Forward,203,21.0,USA,1996-01-23,4,48,30.0,245.0,79.0,49.0,12.0,11.0,5.0,1729217,"33 Years, 9 months, 10 days"
32,Nicolas Batum,Clippers,Guard-Forward,203,21.0,France,1988-12-14,14,25,67.0,1835.0,540.0,316.0,148.0,69.0,37.0,12213507,"33 Years, 2 months, 23 days"
33,Kent Bazemore,Lakers,Guard-Forward,193,18.0,USA,1989-07-01,10,Undrafted,,,,,,,,2401537,"22 Years, 3 months, 12 days"
34,Darius Bazley,Thunder,Forward,203,20.0,USA,2000-06-12,3,23,55.0,1714.0,754.0,396.0,99.0,29.0,25.0,2513040,"29 Years, 2 months, 27 days"
35,Bradley Beal,Wizards,Guard,193,20.0,USA,1993-06-28,10,3,60.0,2147.0,1878.0,283.0,265.0,69.0,22.0,34502130,"25 Years, 9 months, 29 days"
36,Malik Beasley,Jazz,Guard,193,18.0,USA,1996-11-26,6,19,,,,,,,,14391964,"29 Years, 10 months, 12 days"
37,Davis Bertans,Mavericks,Forward,208,21.0,Latvia,1992-11-12,6,42,,,,,,,,16000000,"34 Years, 2 months, 12 days"
38,Patrick Beverley,Lakers,Guard,185,17.0,USA,1988-07-12,10,42,,,,,,,,14320988,"23 Years, 5 months, 15 days"
39,Saddiq Bey,Pistons,Forward,201,20.0,USA,1999-04-09,2,19,70.0,1909.0,857.0,318.0,95.0,52.0,14.0,2824320,"29 Years, 11 months, 27 days"
40,Khem Birch,Raptors,Center,206,22.0,Canada,1992-09-28,5,Undrafted,19.0,577.0,227.0,144.0,36.0,16.0,22.0,6350000,"23 Years, 2 months, 4 days"
41,Goga Bitadze,Pacers,Center-Forward,213,23.0,Georgia,1999-07-20,3,18,45.0,561.0,231.0,150.0,37.0,9.0,60.0,3098400,"30 Years, 0 months, 27 days"
42,Bismack Biyombo,Suns,Center,203,24.0,DRC,1992-08-28,11,7,,,,,,,,1366392,"34 Years, 4 months, 15 days"
43,Nemanja Bjelica,Warriors,Forward,206,22.0,Serbia,1988-05-09,8,35,,,,,,,,2089448,"32 Years, 9 months, 15 days"
44,Eric Bledsoe,Trail Blazers,Guard,185,20.0,USA,1989-12-09,13,18,,,,,,,,18125000,"30 Years, 1 months, 6 days"
46,Bogdan Bogdanovic,Hawks,Guard,198,21.0,Serbia,1992-08-18,5,27,44.0,1305.0,720.0,160.0,147.0,49.0,13.0,18000000,"22 Years, 10 months, 8 days"
47,Bojan Bogdanovic,Jazz,Forward,201,21.0,Croatia,1989-04-18,8,31,72.0,2216.0,1225.0,281.0,136.0,45.0,4.0,18700000,"22 Years, 0 months, 13 days"
48,Bol Bol,Magic,Center-Forward,218,20.0,Sudan,1999-11-16,3,44,,,,,,,,2161152,"22 Years, 10 months, 16 days"
49,Leandro Bolmaro,Jazz,Forward,198,19.0,Argentina,2000-09-11,1,23,,,,,,,,2353320,"25 Years, 10 months, 25 days"
50,Isaac Bonga,Raptors,Guard,203,17.0,Germany,1999-11-08,4,39,,,,,,,,1729217,"20 Years, 9 months, 27 days"
51,Devin Booker,Suns,Guard,196,19.0,USA,1996-10-30,7,13,67.0,2270.0,1712.0,281.0,289.0,53.0,16.0,31610000,"29 Years, 8 months, 13 days"
52,Brandon Boston,Clippers,Guard,198,18.0,USA,2001-11-28,1,51,,,,,,,,925258,"22 Years, 0 months, 6 days"
53,Chris Boucher,Raptors,Forward-Center,206,19.0,Saint Lucia,1993-01-11,5,Undrafted,60.0,1453.0,818.0,404.0,63.0,35.0,111.0,7009615,"31 Years, 9 months, 29 days"
54,James Bouknight,Hornets,Guard,193,18.0,USA,2000-09-18,1,11,,,,,,,,4154400,"24 Years, 8 months, 16 days"
55,Avery Bradley,Lakers,Guard,190,17.0,USA,1990-11-26,12,19,,,,,,,,2641691,"26 Years, 0 months, 25 days"
56,Tony Bradley,Bulls,Center-Forward,208,23.0,USA,1998-01-08,5,28,,,,,,,,1789256,"24 Years, 6 months, 3 days"
58,Mikal Bridges,Suns,Forward,198,20.0,USA,1996-08-30,4,10,72.0,2348.0,970.0,309.0,152.0,76.0,63.0,5557725,"29 Years, 9 months, 13 days"
59,Miles Bridges,Hornets,Forward,201,21.0,USA,1998-03-21,4,12,66.0,1932.0,840.0,397.0,147.0,44.0,52.0,5421493,"24 Years, 3 months, 19 days"
60,Oshae Brissett,Pacers,Forward-Guard,201,20.0,Canada,1998-06-20,3,Undrafted,21.0,519.0,229.0,115.0,18.0,19.0,20.0,1701593,"26 Years, 8 months, 2 days"
61,Malcolm Brogdon,Celtics,Guard,196,21.0,USA,1992-12-11,6,36,,,,,,,,21700000,"26 Years, 1 months, 9 days"
62,Armoni Brooks,Raptors,Guard,190,18.0,USA,1998-06-05,3,,,,,,,,,1489065,"25 Years, 11 months, 0 days"
63,Dillon Brooks,Grizzlies,Guard-Forward,201,21.0,Canada,1996-01-22,5,45,67.0,1997.0,1151.0,196.0,157.0,78.0,26.0,12200000,"22 Years, 11 months, 11 days"
64,Bruce Brown,Nuggets,Guard-Forward,193,19.0,USA,1996-08-15,4,42,,,,,,,,4736102,"27 Years, 7 months, 14 days"
65,Jaylen Brown,Celtics,Guard-Forward,198,21.0,USA,1996-10-24,6,3,58.0,1999.0,1430.0,347.0,195.0,72.0,32.0,24830357,"21 Years, 0 months, 23 days"
66,Moses Brown,Clippers,Center,218,23.0,USA,1999-10-13,3,Undrafted,,,,,,,,1701593,"23 Years, 1 months, 27 days"
67,Sterling Brown,Rockets,Guard-Forward,196,20.0,USA,1995-02-10,5,46,51.0,1229.0,416.0,224.0,72.0,38.0,12.0,3000000,"26 Years, 0 months, 24 days"
68,Greg Brown III,Trail Blazers,Forward,201,19.0,USA,2001-09-01,1,43,,,,,,,,925258,"25 Years, 1 months, 24 days"
71,Troy Brown Jr.,Lakers,Guard-Forward,198,20.0,USA,1999-07-28,4,15,,,,,,,,5170564,"31 Years, 2 months, 4 days"
72,Jalen Brunson,Knicks,Guard,185,18.0,USA,1996-08-31,4,33,,,,,,,,1802057,"22 Years, 0 months, 30 days"
73,Thomas Bryant,Lakers,Center-Forward,208,23.0,USA,1997-07-31,5,42,,,,,,,,8730159,"33 Years, 0 months, 10 days"
74,Reggie Bullock,Mavericks,Guard-Forward,198,19.0,USA,1991-03-16,9,25,,,,,,,,9536000,"29 Years, 7 months, 6 days"
75,Trey Burke,Rockets,Guard,183,17.0,USA,1992-11-12,9,9,,,,,,,,3333333,"31 Years, 6 months, 1 days"
76,Alec Burks,Pistons,Guard,198,20.0,USA,1991-07-20,11,12,,,,,,,,9536000,"25 Years, 5 months, 14 days"
77,Jared Butler,Jazz,Guard,190,18.0,USA,2000-08-25,1,40,,,,,,,,925258,"28 Years, 4 months, 6 days"
78,Jimmy Butler,Heat,Forward,201,21.0,USA,1989-09-14,11,30,52.0,1745.0,1116.0,359.0,369.0,108.0,18.0,36016200,"21 Years, 6 months, 30 days"
80,Kentavious Caldwell-Pope,Nuggets,Guard,196,19.0,USA,1993-02-18,9,8,,,,,,,,13038862,"23 Years, 5 months, 8 days"
81,Facundo Campazzo,Nuggets,Guard,178,18.0,Argentina,1991-03-23,3,Undrafted,65.0,1425.0,396.0,134.0,232.0,79.0,14.0,3804150,"28 Years, 6 months, 27 days"
82,Vlatko Cancar,Nuggets,Forward,203,22.0,Slovenia,1997-04-10,3,49,41.0,281.0,85.0,50.0,14.0,11.0,2.0,1782621,"25 Years, 2 months, 22 days"
84,Clint Capela,Hawks,Center,208,24.0,Switzerland,1994-05-18,8,25,63.0,1898.0,956.0,903.0,49.0,44.0,129.0,17103448,"27 Years, 10 months, 8 days"
85,Vernon Carey Jr.,Wizards,Forward-Center,206,25.0,USA,2001-02-25,2,32,,,,,,,,1517981,"26 Years, 0 months, 5 days"
86,Jevon Carter,Bucks,Guard,185,19.0,USA,1995-09-14,4,32,,,,,,,,4107149,"30 Years, 3 months, 17 days"
87,Wendell Carter Jr.,Magic,Center-Forward,208,25.0,USA,1999-04-16,4,7,22.0,583.0,258.0,193.0,35.0,17.0,18.0,6920027,"23 Years, 5 months, 7 days"
88,Alex Caruso,Bulls,Guard,196,17.0,USA,1994-02-28,5,Undrafted,,,,,,,,8604651,"25 Years, 0 months, 1 days"
91,Marquese Chriss,Rockets,Forward,206,22.0,USA,1997-07-02,6,8,,,,,,,,958529,"29 Years, 8 months, 18 days"
92,Josh Christopher,Rockets,Guard,190,20.0,USA,2001-12-08,1,24,,,,,,,,2259240,"32 Years, 1 months, 11 days"
93,Gary Clark,Pelicans,Forward,198,21.0,USA,1994-11-16,4,Undrafted,,,,,,,,377645,"31 Years, 9 months, 10 days"
94,Brandon Clarke,Grizzlies,Forward,203,20.0,Canada,1996-09-19,3,21,59.0,1415.0,610.0,328.0,95.0,60.0,51.0,2726880,"31 Years, 9 months, 5 days"
95,Jordan Clarkson,Jazz,Guard,193,18.0,USA,1992-06-07,8,46,68.0,1818.0,1251.0,274.0,168.0,61.0,10.0,12420000,"32 Years, 2 months, 18 days"
96,Nic Claxton,Nets,Center,211,20.0,USA,1999-04-17,3,31,32.0,594.0,212.0,166.0,28.0,23.0,40.0,1782621,"23 Years, 7 months, 4 days"
98,John Collins,Hawks,Forward-Center,206,21.0,USA,1997-09-23,5,19,63.0,1848.0,1111.0,467.0,78.0,34.0,63.0,23000000,"32 Years, 1 months, 1 days"
99,Zach Collins,Spurs,Forward-Center,211,23.0,USA,1997-11-19,4,10,,,,,,,,6984127,"34 Years, 6 months, 10 days"
100,Mike Conley,Jazz,Guard,185,16.0,USA,1987-10-11,15,4,51.0,1498.0,827.0,177.0,305.0,70.0,9.0,21000000,"29 Years, 6 months, 13 days"
101,Pat Connaughton,Bucks,Guard,196,20.0,USA,1993-01-06,7,41,69.0,1575.0,468.0,332.0,81.0,49.0,23.0,5333333,"33 Years, 3 months, 19 days"
104,DeMarcus Cousins,Nuggets,Center,208,25.0,USA,1990-08-13,12,5,,,,,,,,1290481,"33 Years, 1 months, 12 days"
105,Robert Covington,Clippers,Forward,201,20.0,USA,1990-12-14,9,Undrafted,,,,,,,,12975471,"25 Years, 7 months, 24 days"
106,Torrey Craig,Suns,Forward,201,20.0,USA,1990-12-19,5,Undrafted,32.0,602.0,229.0,154.0,33.0,19.0,20.0,4878049,"24 Years, 1 months, 24 days"
107,Jae Crowder,Suns,Forward,198,22.0,USA,1990-07-06,10,34,60.0,1648.0,603.0,282.0,127.0,48.0,27.0,9720900,"32 Years, 8 months, 6 days"
108,Jarrett Culver,Hawks,Guard-Forward,198,18.0,USA,1999-02-20,3,6,,,,,,,,6395160,"29 Years, 5 months, 18 days"
109,Cade Cunningham,Pistons,Guard,198,20.0,USA,2001-09-25,1,1,,,,,,,,10050120,"23 Years, 6 months, 27 days"
110,Seth Curry,Nets,Guard,188,17.0,USA,1990-08-23,8,Undrafted,,,,,,,,8186047,"23 Years, 5 months, 5 days"
111,Stephen Curry,Warriors,Guard,188,17.0,USA,1988-03-14,13,7,63.0,2152.0,2015.0,345.0,363.0,77.0,8.0,45780966,"22 Years, 8 months, 7 days"
112,Anthony Davis,Lakers,Forward-Center,208,24.0,USA,1993-03-11,10,1,36.0,1162.0,786.0,286.0,110.0,45.0,59.0,35361360,"36 Years, 4 months, 18 days"
113,Ed Davis,Cavaliers,Center-Forward,206,20.0,USA,1989-06-05,13,13,,,,,,,,2641691,"29 Years, 1 months, 14 days"
114,Terence Davis,Kings,Guard,193,19.0,USA,1997-05-16,3,Undrafted,27.0,581.0,299.0,88.0,46.0,27.0,7.0,4000000,"25 Years, 3 months, 11 days"
115,DeMar DeRozan,Bulls,Guard-Forward,198,20.0,USA,1989-08-07,13,9,,,,,,,,26000000,"33 Years, 11 months, 26 days"
116,Dewayne Dedmon,Heat,Center,213,23.0,USA,1989-08-12,9,Undrafted,16.0,210.0,113.0,86.0,12.0,9.0,6.0,5256308,"21 Years, 1 months, 19 days"
117,Donte DiVincenzo,Warriors,Guard,193,19.0,USA,1997-01-31,4,17,,,,,,,,4675830,"22 Years, 3 months, 8 days"
118,Hamidou Diallo,Pistons,Guard,196,19.0,USA,1998-07-31,4,45,20.0,465.0,223.0,107.0,24.0,10.0,12.0,5200000,"34 Years, 9 months, 26 days"
119,Gorgui Dieng,Spurs,Center,208,23.0,Senegal,1990-01-18,9,21,16.0,181.0,85.0,42.0,19.0,9.0,2.0,4000000,"28 Years, 6 months, 8 days"
120,Spencer Dinwiddie,Mavericks,Guard,198,20.0,USA,1993-04-06,8,38,,,,,,,,17142857,"31 Years, 2 months, 9 days"
121,Luka Doncic,Mavericks,Forward-Guard,201,21.0,Slovenia,1999-02-28,4,3,66.0,2262.0,1830.0,527.0,567.0,64.0,36.0,10174391,"24 Years, 1 months, 9 days"
122,Luguentz Dort,Thunder,Guard,190,20.0,Canada,1999-04-19,3,Undrafted,52.0,1543.0,729.0,189.0,88.0,45.0,19.0,1782621,"29 Years, 4 months, 20 days"
123,Ayo Dosunmu,Bulls,Guard,193,19.0,USA,2000-01-17,1,38,,,,,,,,925258,"25 Years, 2 months, 20 days"
124,Goran Dragic,Bulls,Guard,190,18.0,Slovenia,1986-05-06,14,45,,,,,,,,20168742,"24 Years, 4 months, 15 days"
125,Andre Drummond,Bulls,Center,208,26.0,USA,1993-08-10,10,9,,,,,,,,2401537,"29 Years, 10 months, 26 days"
126,Chris Duarte,Pacers,Guard,196,18.0,Dominican Republic,1997-06-13,1,13,,,,,,,,3749520,"24 Years, 9 months, 4 days"
128,Kevin Durant,Nets,Forward,208,22.0,USA,1988-09-29,14,2,35.0,1157.0,943.0,247.0,195.0,25.0,45.0,40918900,"23 Years, 11 months, 23 days"
129,Anthony Edwards,Timberwolves,Guard,193,21.0,USA,2001-08-05,2,1,72.0,2314.0,1392.0,336.0,211.0,82.0,36.0,10245480,"34 Years, 1 months, 16 days"
132,CJ Elleby,Timberwolves,Forward-Guard,198,19.0,USA,2000-06-16,2,46,,,,,,,,1517981,"23 Years, 8 months, 28 days"
133,Wayne Ellington,Lakers,Guard,193,20.0,USA,1987-11-29,13,28,,,,,,,,2641691,"36 Years, 1 months, 7 days"
134,Joel Embiid,76ers,Center-Forward,213,26.0,Cameroon,1994-03-16,6,3,51.0,1585.0,1451.0,539.0,145.0,50.0,69.0,31579390,"32 Years, 4 months, 22 days"
135,Derrick Favors,Thunder,Forward,206,24.0,USA,1991-07-15,12,3,,,,,,,,9720900,"37 Years, 3 months, 0 days"
136,Bruno Fernando,Rockets,Forward-Center,206,22.0,Angola,1998-08-15,3,34,,,,,,,,1782621,"19 Years, 11 months, 14 days"
137,Dorian Finney-Smith,Mavericks,Forward,201,20.0,USA,1993-05-04,6,Undrafted,60.0,1921.0,590.0,326.0,102.0,52.0,25.0,4000000,"24 Years, 2 months, 12 days"
138,Malik Fitts,Celtics,Forward,196,21.0,USA,1997-07-04,3,Undrafted,,,,,,,,85578,"29 Years, 11 months, 7 days"
139,Malachi Flynn,Raptors,Guard,185,16.0,USA,1998-05-09,2,29,47.0,928.0,353.0,116.0,137.0,38.0,7.0,2048040,"30 Years, 2 months, 29 days"
142,Evan Fournier,Knicks,Guard-Forward,198,19.0,France,1992-10-29,10,20,,,,,,,,18139535,"27 Years, 7 months, 2 days"
143,De'Aaron Fox,Kings,Guard,190,17.0,USA,1997-12-20,5,5,58.0,2036.0,1461.0,203.0,417.0,87.0,27.0,28103550,"28 Years, 6 months, 12 days"
145,Markelle Fultz,Magic,Guard,193,20.0,USA,1998-05-29,5,1,8.0,215.0,103.0,25.0,43.0,8.0,2.0,16500000,"32 Years, 6 months, 20 days"
147,Daniel Gafford,Wizards,Forward-Center,206,22.0,USA,1998-10-01,3,38,23.0,408.0,233.0,128.0,12.0,15.0,41.0,1782621,"20 Years, 7 months, 15 days"
148,Danilo Gallinari,Celtics,Forward,208,22.0,Italy,1988-08-08,13,6,,,,,,,,20475000,"29 Years, 2 months, 1 days"
149,Darius Garland,Cavaliers,Guard,185,18.0,USA,2000-01-26,3,5,54.0,1790.0,941.0,129.0,329.0,66.0,6.0,7040880,"36 Years, 0 months, 27 days"
150,Usman Garuba,Rockets,Forward,203,21.0,Spain,2002-03-09,1,23,,,,,,,,2353320,"21 Years, 10 months, 8 days"
151,Luka Garza,Timberwolves,Center,208,23.0,USA,1998-12-27,1,52,,,,,,,,925258,"33 Years, 6 months, 8 days"
152,Rudy Gay,Jazz,Forward-Guard,203,23.0,USA,1986-08-17,16,8,,,,,,,,5890000,"22 Years, 4 months, 16 days"
153,Paul George,Clippers,Forward,203,20.0,USA,1990-05-02,12,10,54.0,1821.0,1259.0,359.0,280.0,62.0,24.0,39344970,"24 Years, 7 months, 16 days"
154,Taj Gibson,Wizards,Forward,206,22.0,USA,1985-06-24,13,26,,,,,,,,4910000,"22 Years, 6 months, 26 days"
155,Josh Giddey,Thunder,Guard,203,19.0,Australia,2002-10-10,1,6,,,,,,,,5988000,"21 Years, 7 months, 17 days"
156,Shai Gilgeous-Alexander,Thunder,Guard,198,17.0,Canada,1998-07-12,4,11,35.0,1180.0,830.0,166.0,207.0,27.0,23.0,5495532,"30 Years, 6 months, 8 days"
157,Anthony Gill,Wizards,Forward,201,21.0,USA,1992-10-17,2,Undrafted,26.0,218.0,80.0,51.0,11.0,10.0,4.0,1517981,"33 Years, 0 months, 29 days"
158,Rudy Gobert,Timberwolves,Center,216,24.0,France,1992-06-26,9,27,,,,,,,,35344828,"29 Years, 4 months, 13 days"
160,Aaron Gordon,Nuggets,Forward,203,22.0,USA,1995-09-16,8,4,25.0,648.0,254.0,118.0,56.0,17.0,14.0,16409091,"28 Years, 0 months, 10 days"
161,Eric Gordon,Rockets,Guard,190,20.0,USA,1988-12-25,14,7,27.0,789.0,481.0,58.0,71.0,14.0,13.0,18218818,"31 Years, 0 months, 18 days"
162,Devonte' Graham,Pelicans,Guard,185,18.0,USA,1995-02-22,4,34,,,,,,,,11000000,"30 Years, 2 months, 9 days"
163,Jerami Grant,Trail Blazers,Forward,203,20.0,USA,1994-03-12,8,39,,,,,,,,20000000,"27 Years, 6 months, 18 days"
164,Danny Green,Grizzlies,Guard,198,20.0,USA,1987-06-22,13,46,,,,,,,,10000000,"24 Years, 4 months, 19 days"
165,Draymond Green,Warriors,Forward,198,21.0,USA,1990-03-04,10,35,63.0,1982.0,444.0,448.0,558.0,105.0,52.0,24026712,"42 Years, 3 months, 15 days"
166,JaMychal Green,Warriors,Forward-Center,203,21.0,USA,1990-06-21,8,Undrafted,,,,,,,,8292683,"24 Years, 9 months, 16 days"
167,Jalen Green,Rockets,Guard,193,17.0,USA,2002-02-09,1,2,,,,,,,,8992200,"22 Years, 4 months, 1 days"
168,Javonte Green,Bulls,Guard-Forward,196,19.0,USA,1993-07-23,3,Undrafted,16.0,128.0,41.0,19.0,6.0,10.0,4.0,1669178,"21 Years, 1 months, 28 days"
169,Jeff Green,Nuggets,Forward,203,22.0,USA,1986-08-28,14,5,,,,,,,,4500000,"32 Years, 6 months, 1 days"
170,Josh Green,Mavericks,Guard,196,19.0,Australia,2000-11-16,2,18,39.0,445.0,101.0,78.0,28.0,16.0,3.0,2957520,"26 Years, 11 months, 27 days"
171,Blake Griffin,Nets,Forward,206,23.0,USA,1989-03-16,12,1,26.0,560.0,260.0,121.0,63.0,18.0,13.0,32405817,"28 Years, 3 months, 28 days"
172,Quentin Grimes,Knicks,Guard,193,20.0,USA,2000-05-08,1,25,,,,,,,,2168760,"22 Years, 8 months, 4 days"
173,Rui Hachimura,Wizards,Forward,203,21.0,Japan,1998-02-08,3,9,57.0,1797.0,789.0,312.0,82.0,44.0,7.0,4916160,"29 Years, 9 months, 7 days"
174,Tyrese Haliburton,Pacers,Guard,196,17.0,USA,2000-02-29,2,12,,,,,,,,4023600,"25 Years, 9 months, 15 days"
175,R.J. Hampton,Magic,Guard,193,16.0,USA,2001-02-07,2,24,26.0,655.0,290.0,129.0,73.0,16.0,8.0,2303040,"36 Years, 4 months, 20 days"
176,Tim Hardaway Jr.,Mavericks,Guard-Forward,196,19.0,USA,1992-03-16,9,24,70.0,1985.0,1163.0,229.0,126.0,31.0,11.0,21306816,"25 Years, 11 months, 25 days"
177,James Harden,76ers,Guard,196,20.0,USA,1989-08-26,13,3,,,,,,,,43848000,"32 Years, 3 months, 12 days"
178,Maurice Harkless,Hawks,Forward-Guard,201,20.0,USA,1993-05-11,10,15,,,,,,,,4347600,"33 Years, 5 months, 19 days"
180,Montrezl Harrell,76ers,Forward-Center,201,22.0,USA,1994-01-26,7,32,,,,,,,,9720900,"29 Years, 11 months, 4 days"
181,Gary Harris,Magic,Guard,193,20.0,USA,1994-09-14,8,19,20.0,499.0,204.0,32.0,46.0,11.0,7.0,20482143,"36 Years, 3 months, 21 days"
182,Joe Harris,Nets,Guard-Forward,198,20.0,USA,1991-09-06,8,33,69.0,2142.0,974.0,248.0,130.0,46.0,14.0,17357143,"21 Years, 9 months, 30 days"
183,Tobias Harris,76ers,Forward,201,21.0,USA,1992-07-15,11,19,62.0,2014.0,1210.0,419.0,220.0,55.0,51.0,36000000,"29 Years, 3 months, 17 days"
184,Josh Hart,Trail Blazers,Guard,196,20.0,USA,1995-03-06,5,30,,,,,,,,12000000,"36 Years, 9 months, 16 days"
185,Isaiah Hartenstein,Knicks,Center-Forward,213,23.0,Germany,1998-05-05,4,43,,,,,,,,3430810,"24 Years, 0 months, 28 days"
186,Udonis Haslem,Heat,Forward,203,22.0,USA,1980-06-09,19,Undrafted,1.0,3.0,4.0,1.0,0.0,0.0,0.0,2641691,"24 Years, 6 months, 14 days"
187,Sam Hauser,Celtics,Forward,201,20.0,USA,1997-12-08,1,Undrafted,,,,,,,,313737,"24 Years, 9 months, 22 days"
188,Jaxson Hayes,Pelicans,Center-Forward,211,20.0,USA,2000-05-23,3,8,60.0,964.0,449.0,257.0,35.0,25.0,38.0,5348280,"22 Years, 0 months, 10 days"
189,Killian Hayes,Pistons,Guard,196,18.0,France,2001-07-27,2,7,26.0,670.0,176.0,69.0,138.0,27.0,10.0,5572680,"33 Years, 0 months, 6 days"
190,Gordon Hayward,Hornets,Forward,201,21.0,USA,1990-03-23,12,9,44.0,1496.0,863.0,258.0,181.0,52.0,14.0,29900000,"38 Years, 7 months, 27 days"
191,Juancho Hernangomez,Raptors,Forward,206,20.0,Spain,1995-09-28,6,15,,,,,,,,6175440,"34 Years, 11 months, 22 days"
192,Willy Hernangomez,Pelicans,Center-Forward,211,23.0,Spain,1994-05-27,6,35,47.0,846.0,365.0,334.0,50.0,22.0,23.0,2327220,"25 Years, 0 months, 22 days"
193,Tyler Herro,Heat,Guard,196,18.0,USA,2000-01-20,3,13,54.0,1635.0,815.0,268.0,184.0,35.0,17.0,4004280,"30 Years, 6 months, 1 days"
194,Buddy Hield,Pacers,Guard,193,20.0,Bahamas,1992-12-17,6,6,,,,,,,,22477273,"24 Years, 11 months, 21 days"
195,Haywood Highsmith,Heat,Forward,193,20.0,USA,1996-12-09,2,,,,,,,,,85578,"24 Years, 4 months, 20 days"
196,George Hill,Bucks,Guard,193,18.0,USA,1986-05-04,14,26,,,,,,,,4000000,"20 Years, 8 months, 14 days"
199,Aaron Holiday,Hawks,Guard,183,17.0,USA,1996-09-30,4,23,,,,,,,,3980551,"23 Years, 0 months, 9 days"
200,Jrue Holiday,Bucks,Guard,190,19.0,USA,1990-06-12,13,17,59.0,1907.0,1046.0,268.0,357.0,96.0,37.0,30133333,"37 Years, 8 months, 25 days"
201,Justin Holiday,Hawks,Forward-Guard,198,17.0,USA,1989-04-05,9,Undrafted,,,,,,,,6006420,"25 Years, 2 months, 16 days"
202,Richaun Holmes,Kings,Forward,208,22.0,USA,1993-10-15,7,37,61.0,1781.0,869.0,504.0,101.0,39.0,96.0,10384500,"23 Years, 2 months, 22 days"
203,Rodney Hood,Clippers,Guard-Forward,203,20.0,USA,1992-10-20,8,23,,,,,,,,2239544,"26 Years, 6 months, 21 days"
204,Al Horford,Celtics,Center-Forward,206,22.0,Dominican Republic,1986-06-03,15,3,,,,,,,,27000000,"20 Years, 9 months, 6 days"
205,Talen Horton-Tucker,Jazz,Guard,193,22.0,USA,2000-11-25,3,46,,,,,,,,9500000,"22 Years, 11 months, 13 days"
206,Danuel House Jr.,76ers,Forward-Guard,198,20.0,USA,1993-06-07,6,Undrafted,,,,,,,,2045094,"20 Years, 6 months, 14 days"
207,Dwight Howard,Lakers,Center-Forward,208,24.0,USA,1985-12-08,18,1,,,,,,,,2641691,"26 Years, 3 months, 26 days"
209,Kevin Huerter,Kings,Guard-Forward,201,19.0,USA,1998-08-27,4,19,,,,,,,,4253357,"27 Years, 2 months, 25 days"
210,Elijah Hughes,Trail Blazers,Guard,196,20.0,USA,1998-03-10,2,39,,,,,,,,1517981,"23 Years, 11 months, 18 days"
212,De'Andre Hunter,Hawks,Forward-Guard,203,20.0,USA,1997-12-02,3,4,23.0,678.0,344.0,110.0,44.0,19.0,12.0,7775400,"22 Years, 8 months, 16 days"
213,Bones Hyland,Nuggets,Guard,188,16.0,USA,2000-09-14,1,26,,,,,,,,2096880,"26 Years, 4 months, 14 days"
214,Serge Ibaka,Bucks,Forward,208,22.0,Republic of the Congo,1989-09-18,13,24,,,,,,,,9742000,"25 Years, 7 months, 9 days"
215,Andre Iguodala,Warriors,Guard-Forward,198,20.0,USA,1984-01-28,18,9,,,,,,,,2641691,"34 Years, 2 months, 3 days"
216,Joe Ingles,Bucks,Forward-Guard,203,20.0,Australia,1987-10-02,8,Undrafted,,,,,,,,14000000,"31 Years, 1 months, 4 days"
217,Brandon Ingram,Pelicans,Forward,203,18.0,USA,1997-09-02,6,2,61.0,2092.0,1450.0,299.0,296.0,42.0,36.0,29467800,"26 Years, 3 months, 0 days"
218,Kyrie Irving,Nets,Guard,188,18.0,Australia,1992-03-23,11,1,54.0,1886.0,1451.0,257.0,324.0,76.0,37.0,34916200,"23 Years, 6 months, 21 days"
219,Jonathan Isaac,Magic,Forward,208,21.0,USA,1997-10-03,3,6,,,,,,,,17400000,"30 Years, 7 months, 26 days"
220,Frank Jackson,Pistons,Guard,190,19.0,USA,1998-05-04,4,31,40.0,738.0,390.0,86.0,36.0,15.0,1.0,3000000,"23 Years, 1 months, 13 days"
221,Isaiah Jackson,Pacers,Forward,208,19.0,USA,2002-01-10,1,22,,,,,,,,2451120,"26 Years, 6 months, 2 days"
222,Josh Jackson,Raptors,Guard-Forward,203,20.0,USA,1997-02-10,5,4,,,,,,,,5005350,"25 Years, 2 months, 0 days"
223,Reggie Jackson,Clippers,Guard,188,20.0,USA,1990-04-16,11,24,67.0,1544.0,715.0,192.0,205.0,41.0,7.0,10384500,"27 Years, 2 months, 9 days"
224,Jaren Jackson Jr.,Grizzlies,Forward-Center,211,23.0,USA,1999-09-15,4,4,11.0,258.0,158.0,62.0,12.0,12.0,18.0,9180560,"22 Years, 3 months, 5 days"
225,LeBron James,Lakers,Forward,206,23.0,USA,1984-12-30,19,1,45.0,1504.0,1126.0,346.0,350.0,48.0,25.0,41180544,"19 Years, 11 months, 18 days"
226,Ty Jerome,Thunder,Guard-Forward,196,18.0,USA,1997-07-08,3,24,33.0,788.0,353.0,91.0,120.0,20.0,6.0,2412840,"27 Years, 2 months, 0 days"
227,Isaiah Joe,76ers,Guard,193,15.0,USA,1999-07-02,2,49,41.0,383.0,153.0,36.0,20.0,12.0,4.0,1517981,"27 Years, 6 months, 14 days"
228,Cameron Johnson,Suns,Forward,203,20.0,USA,1996-03-03,3,11,60.0,1437.0,573.0,199.0,86.0,37.0,16.0,4437000,"30 Years, 3 months, 25 days"
230,Jalen Johnson,Hawks,Forward,203,20.0,USA,2001-12-18,1,20,,,,,,,,2659560,"22 Years, 10 months, 30 days"
231,Keldon Johnson,Spurs,Forward-Guard,198,20.0,USA,1999-10-11,3,29,69.0,1968.0,881.0,412.0,121.0,40.0,24.0,2145720,"28 Years, 6 months, 17 days"
232,Keon Johnson,Trail Blazers,Guard,193,17.0,USA,2002-03-10,1,21,,,,,,,,2553120,"28 Years, 0 months, 30 days"
233,Stanley Johnson,Jazz,Forward-Guard,198,23.0,USA,1996-05-29,7,8,,,,,,,,888616,"29 Years, 11 months, 3 days"
234,Nikola Jokic,Nuggets,Center,211,27.0,Serbia,1995-02-19,7,41,72.0,2488.0,1898.0,780.0,599.0,95.0,48.0,30510423,"23 Years, 3 months, 1 days"
235,Damian Jones,Lakers,Center,211,23.0,USA,1995-06-30,6,30,8.0,112.0,43.0,26.0,1.0,1.0,7.0,1977011,"29 Years, 3 months, 8 days"
236,Herbert Jones,Pelicans,Forward,201,19.0,USA,1998-10-06,1,35,,,,,,,,1700000,"31 Years, 2 months, 26 days"
237,Kai Jones,Hornets,Center-Forward,208,20.0,Bahamas,2001-01-19,1,19,,,,,,,,2770560,"21 Years, 5 months, 18 days"
239,Tre Jones,Spurs,Guard,185,17.0,USA,2000-01-08,2,41,37.0,269.0,94.0,21.0,39.0,8.0,0.0,1517981,"22 Years, 7 months, 13 days"
240,Tyus Jones,Grizzlies,Guard,183,18.0,USA,1996-05-10,7,24,70.0,1223.0,442.0,140.0,259.0,64.0,6.0,7522200,"24 Years, 1 months, 27 days"
241,Derrick Jones Jr.,Bulls,Forward,198,20.0,USA,1997-02-15,6,Undrafted,,,,,,,,9720900,"26 Years, 7 months, 18 days"
242,DeAndre Jordan,Nuggets,Center,211,24.0,USA,1988-07-21,14,35,,,,,,,,10517224,"34 Years, 5 months, 23 days"
243,Cory Joseph,Pistons,Guard,190,19.0,Canada,1991-08-20,11,29,19.0,502.0,228.0,60.0,105.0,22.0,9.0,7310000,"34 Years, 5 months, 23 days"
244,Luke Kennard,Clippers,Guard,196,19.0,USA,1996-06-24,5,12,63.0,1232.0,520.0,161.0,104.0,23.0,9.0,12727273,"23 Years, 2 months, 22 days"
246,Corey Kispert,Wizards,Forward,198,21.0,USA,1999-03-03,1,15,,,,,,,,3383640,"36 Years, 5 months, 30 days"
247,Maxi Kleber,Mavericks,Forward,208,22.0,Germany,1992-01-29,5,Undrafted,50.0,1341.0,353.0,260.0,68.0,24.0,35.0,8750000,"27 Years, 4 months, 15 days"
249,Kevin Knox II,Pistons,Forward,201,20.0,USA,1999-08-11,4,9,,,,,,,,5845978,"21 Years, 3 months, 12 days"
250,John Konchar,Grizzlies,Guard,196,20.0,USA,1996-03-22,3,Undrafted,43.0,575.0,184.0,128.0,47.0,30.0,9.0,2197674,"25 Years, 11 months, 6 days"
251,Furkan Korkmaz,76ers,Guard-Forward,201,19.0,Turkey,1997-07-24,5,26,55.0,1062.0,501.0,113.0,82.0,49.0,9.0,4629630,"21 Years, 7 months, 21 days"
252,Luke Kornet,Celtics,Center-Forward,218,23.0,USA,1995-07-15,5,Undrafted,18.0,254.0,80.0,52.0,20.0,2.0,25.0,606702,"34 Years, 1 months, 9 days"
253,Vit Krejci,Thunder,Guard,203,18.0,Czech Republic,2000-06-19,1,37,,,,,,,,925258,"25 Years, 4 months, 2 days"
255,Jonathan Kuminga,Warriors,Forward,201,21.0,DRC,2002-10-06,1,7,,,,,,,,5466360,"26 Years, 11 months, 27 days"
256,Kyle Kuzma,Wizards,Forward,206,20.0,USA,1995-07-24,5,27,,,,,,,,13000000,"26 Years, 11 months, 27 days"
257,Zach LaVine,Bulls,Guard-Forward,196,19.0,USA,1995-03-10,8,13,58.0,2034.0,1591.0,289.0,282.0,46.0,27.0,19500000,"21 Years, 8 months, 18 days"
259,Jeremy Lamb,Kings,Guard-Forward,196,17.0,USA,1992-05-30,10,12,,,,,,,,10500000,"35 Years, 11 months, 10 days"
260,Jock Landale,Suns,Center,211,24.0,Australia,1995-10-25,1,Undrafted,,,,,,,,925258,"21 Years, 10 months, 20 days"
261,Romeo Langford,Spurs,Guard-Forward,196,20.0,USA,1999-10-25,3,14,,,,,,,,3804360,"22 Years, 0 months, 16 days"
262,Jake Layman,Celtics,Forward,203,20.0,USA,1994-03-07,6,47,,,,,,,,3940184,"31 Years, 0 months, 5 days"
263,Caris LeVert,Cavaliers,Guard,198,19.0,USA,1994-08-25,6,20,,,,,,,,17500000,"30 Years, 5 months, 30 days"
264,Damion Lee,Suns,Guard-Forward,196,20.0,USA,1992-10-21,5,Undrafted,,,,,,,,1910860,"21 Years, 11 months, 26 days"
265,Saben Lee,Pistons,Guard,188,17.0,USA,1999-06-23,2,38,48.0,781.0,267.0,97.0,174.0,32.0,13.0,1489065,"24 Years, 7 months, 24 days"
266,Alex Len,Kings,Center,213,23.0,Ukraine,1993-06-16,9,5,,,,,,,,3731707,"30 Years, 8 months, 21 days"
267,Kawhi Leonard,Clippers,Forward,201,21.0,USA,1991-06-29,10,15,52.0,1772.0,1292.0,337.0,269.0,81.0,21.0,39344900,"34 Years, 8 months, 5 days"
269,Kira Lewis Jr.,Pelicans,Guard,185,16.0,USA,2001-04-06,2,13,54.0,904.0,343.0,71.0,124.0,38.0,10.0,3822240,"26 Years, 5 months, 15 days"
270,Damian Lillard,Trail Blazers,Guard,188,18.0,USA,1990-07-15,10,6,67.0,2398.0,1928.0,283.0,505.0,62.0,17.0,39344900,"29 Years, 7 months, 13 days"
271,Nassir Little,Trail Blazers,Forward-Guard,196,20.0,USA,2000-02-11,3,25,48.0,640.0,220.0,128.0,23.0,5.0,13.0,2316240,"24 Years, 3 months, 27 days"
272,Isaiah Livers,Pistons,Forward,198,22.0,USA,1998-07-28,1,42,,,,,,,,1057260,"25 Years, 6 months, 2 days"
273,Kevon Looney,Warriors,Forward,206,21.0,USA,1996-02-06,7,30,61.0,1161.0,251.0,322.0,119.0,21.0,22.0,5178572,"31 Years, 1 months, 12 days"
274,Brook Lopez,Bucks,Center,213,26.0,USA,1988-04-01,14,10,70.0,1902.0,859.0,347.0,50.0,40.0,103.0,13302325,"34 Years, 1 months, 13 days"
275,Robin Lopez,Cavaliers,Center,213,26.0,USA,1988-04-01,14,15,,,,,,,,5000000,"37 Years, 7 months, 14 days"
276,Didi Louzada,Trail Blazers,Guard,196,18.0,Brazil,1999-07-02,3,35,,,,,,,,1786878,"25 Years, 11 months, 29 days"
277,Kevin Love,Cavaliers,Forward-Center,203,24.0,USA,1988-09-07,14,5,25.0,622.0,305.0,186.0,63.0,16.0,2.0,31300000,"24 Years, 0 months, 19 days"
278,Kyle Lowry,Heat,Guard,183,18.0,USA,1986-03-25,16,24,,,,,,,,26984128,"26 Years, 0 months, 17 days"
280,Timothe Luwawu-Cabarrot,Hawks,Guard-Forward,201,20.0,France,1995-05-09,6,24,,,,,,,,1939350,"24 Years, 7 months, 20 days"
281,Trey Lyles,Kings,Forward,206,22.0,Canada,1995-11-05,7,12,,,,,,,,2500000,"20 Years, 3 months, 24 days"
282,Theo Maledon,Thunder,Guard,193,16.0,France,2001-06-12,2,34,65.0,1778.0,658.0,211.0,227.0,56.0,11.0,2000000,"23 Years, 1 months, 14 days"
284,Terance Mann,Clippers,Guard-Forward,196,20.0,USA,1996-10-18,3,48,67.0,1263.0,472.0,242.0,104.0,29.0,13.0,1782621,"27 Years, 2 months, 28 days"
285,Tre Mann,Thunder,Guard,190,17.0,USA,2001-02-03,1,18,,,,,,,,2901240,"33 Years, 0 months, 22 days"
286,Boban Marjanovic,Rockets,Center,221,27.0,Serbia,1988-08-15,7,Undrafted,,,,,,,,3500000,"22 Years, 3 months, 6 days"
287,Lauri Markkanen,Jazz,Forward-Center,211,22.0,Finland,1997-05-22,5,7,,,,,,,,15690909,"26 Years, 0 months, 5 days"
288,Naji Marshall,Pelicans,Forward,201,20.0,USA,1998-01-24,2,Undrafted,32.0,700.0,246.0,148.0,88.0,26.0,10.0,1517981,"25 Years, 7 months, 1 days"
289,Caleb Martin,Heat,Forward,196,19.0,USA,1995-09-28,3,Undrafted,,,,,,,,527614,"31 Years, 2 months, 23 days"
290,Cody Martin,Hornets,Forward,198,19.0,USA,1995-09-28,3,36,52.0,849.0,207.0,161.0,86.0,37.0,12.0,1782621,"25 Years, 3 months, 14 days"
291,Kenyon Martin Jr.,Rockets,Forward,196,20.0,USA,2001-01-06,2,52,45.0,1068.0,419.0,242.0,48.0,30.0,41.0,1517981,"29 Years, 8 months, 23 days"
292,Garrison Mathews,Rockets,Guard,196,20.0,USA,1996-10-24,3,Undrafted,,,,,,,,1093598,"22 Years, 11 months, 8 days"
293,Wesley Matthews,Bucks,Guard,193,20.0,USA,1986-10-14,13,Undrafted,,,,,,,,1958501,"30 Years, 4 months, 5 days"
294,Tyrese Maxey,76ers,Guard,188,19.0,USA,2000-11-04,2,21,61.0,936.0,488.0,104.0,120.0,26.0,13.0,2602920,"29 Years, 3 months, 7 days"
296,Miles McBride,Knicks,Guard,185,18.0,USA,2000-09-08,1,36,,,,,,,,925258,"21 Years, 8 months, 15 days"
298,CJ McCollum,Pelicans,Guard,190,18.0,USA,1991-09-19,9,10,,,,,,,,30864198,"23 Years, 2 months, 15 days"
299,T.J. McConnell,Pacers,Guard,185,18.0,USA,1992-03-25,7,,69.0,1796.0,596.0,256.0,456.0,128.0,23.0,7500000,"24 Years, 1 months, 27 days"
300,Jaden McDaniels,Timberwolves,Forward,206,17.0,USA,2000-09-29,2,28,63.0,1511.0,427.0,232.0,71.0,35.0,60.0,2063280,"27 Years, 1 months, 21 days"
301,Jalen McDaniels,Hornets,Forward-Center,206,19.0,USA,1998-01-31,3,52,47.0,904.0,346.0,169.0,53.0,28.0,19.0,1782621,"28 Years, 1 months, 1 days"
302,Doug McDermott,Spurs,Forward,201,21.0,USA,1992-01-03,8,11,,,,,,,,13750000,"29 Years, 8 months, 10 days"
303,JaVale McGee,Mavericks,Center-Forward,213,25.0,USA,1988-01-19,14,18,,,,,,,,5000000,"24 Years, 0 months, 15 days"
304,Rodney McGruder,Pistons,Guard,193,19.0,USA,1991-07-29,6,Undrafted,16.0,194.0,91.0,22.0,16.0,8.0,1.0,1939350,"29 Years, 3 months, 19 days"
305,Jordan McLaughlin,Timberwolves,Guard,180,17.0,USA,1996-04-09,3,Undrafted,51.0,938.0,256.0,108.0,193.0,51.0,6.0,1669178,"24 Years, 1 months, 6 days"
306,Ben McLemore,Trail Blazers,Guard,190,18.0,USA,1993-02-11,9,7,,,,,,,,2389641,"24 Years, 0 months, 23 days"
307,De'Anthony Melton,76ers,Guard,188,19.0,USA,1998-05-28,4,46,,,,,,,,8437500,"21 Years, 9 months, 13 days"
308,Chimezie Metu,Kings,Forward-Center,206,21.0,USA,1997-03-22,4,49,36.0,488.0,226.0,112.0,28.0,14.0,18.0,1762796,"21 Years, 7 months, 29 days"
309,Khris Middleton,Bucks,Forward,201,21.0,USA,1991-08-12,10,39,68.0,2269.0,1385.0,406.0,370.0,74.0,9.0,35500000,"30 Years, 4 months, 20 days"
310,Patty Mills,Nets,Guard,183,17.0,Australia,1988-08-11,13,55,,,,,,,,5890000,"31 Years, 5 months, 5 days"
311,Paul Millsap,76ers,Forward,201,24.0,USA,1985-02-10,16,47,,,,,,,,2641691,"27 Years, 5 months, 16 days"
312,Shake Milton,76ers,Guard-Forward,196,19.0,USA,1996-09-26,4,54,63.0,1461.0,817.0,148.0,193.0,39.0,18.0,1846738,"26 Years, 9 months, 15 days"
313,Davion Mitchell,Kings,Guard,183,19.0,USA,1998-09-05,1,9,,,,,,,,4603320,"25 Years, 10 months, 20 days"
314,Donovan Mitchell,Cavaliers,Guard,185,20.0,USA,1996-09-07,5,13,,,,,,,,28103550,"37 Years, 4 months, 18 days"
315,Evan Mobley,Cavaliers,Center,211,20.0,USA,2001-06-18,1,3,,,,,,,,8075160,"28 Years, 1 months, 16 days"
316,Malik Monk,Kings,Guard,190,19.0,USA,1998-02-04,5,11,,,,,,,,1789256,"28 Years, 7 months, 2 days"
318,Moses Moody,Warriors,Guard,196,20.0,USA,2002-05-31,1,14,,,,,,,,3562080,"32 Years, 6 months, 19 days"
320,Ja Morant,Grizzlies,Guard,190,16.0,USA,1999-08-10,3,2,63.0,2053.0,1204.0,252.0,465.0,57.0,13.0,9603360,"20 Years, 8 months, 29 days"
322,Markieff Morris,Nets,Forward,206,23.0,USA,1989-09-02,11,13,,,,,,,,2641691,"22 Years, 4 months, 20 days"
323,Monte Morris,Wizards,Guard,188,17.0,USA,1995-06-27,5,51,,,,,,,,8333333,"24 Years, 2 months, 26 days"
324,Marcus Morris Sr.,Clippers,Forward,203,20.0,USA,1989-09-02,11,14,57.0,1502.0,765.0,234.0,58.0,34.0,15.0,15627907,"29 Years, 3 months, 21 days"
326,Trey Murphy III,Pelicans,Forward,203,19.0,USA,2000-06-18,1,17,,,,,,,,3053760,"27 Years, 1 months, 22 days"
327,Dejounte Murray,Hawks,Guard,193,17.0,USA,1996-09-19,5,29,,,,,,,,15428571,"31 Years, 2 months, 4 days"
328,Jamal Murray,Nuggets,Guard,190,20.0,Canada,1997-02-23,5,7,48.0,1704.0,1018.0,194.0,231.0,64.0,13.0,31590000,"29 Years, 3 months, 30 days"
329,Mike Muscala,Thunder,Forward-Center,208,22.0,USA,1991-07-01,9,44,35.0,645.0,339.0,132.0,28.0,8.0,11.0,3500000,"19 Years, 9 months, 0 days"
330,Svi Mykhailiuk,Raptors,Guard-Forward,201,19.0,Ukraine,1997-06-10,5,47,,,,,,,,1729217,"28 Years, 6 months, 2 days"
331,Larry Nance Jr.,Pelicans,Forward-Center,201,23.0,USA,1993-01-01,7,27,,,,,,,,10690909,"24 Years, 7 months, 27 days"
333,Aaron Nesmith,Pacers,Guard-Forward,196,20.0,USA,1999-10-16,2,14,,,,,,,,3631200,"27 Years, 9 months, 26 days"
334,Raul Neto,Cavaliers,Guard,188,17.0,Brazil,1992-05-19,7,47,,,,,,,,2089448,"24 Years, 3 months, 26 days"
335,Georges Niang,76ers,Forward,201,21.0,USA,1993-06-17,6,50,,,,,,,,3300000,"23 Years, 0 months, 23 days"
336,Daishen Nix,Rockets,Guard,193,21.0,USA,2002-02-13,1,Undrafted,,,,,,,,292466,"23 Years, 3 months, 10 days"
337,Zeke Nnaji,Nuggets,Forward-Center,206,22.0,USA,2001-01-09,2,22,42.0,397.0,136.0,65.0,10.0,8.0,4.0,2498760,"23 Years, 0 months, 29 days"
338,Nerlens Noel,Pistons,Center-Forward,211,20.0,USA,1994-04-10,8,6,,,,,,,,8800000,"24 Years, 9 months, 26 days"
339,Jaylen Nowell,Timberwolves,Guard,193,19.0,USA,1999-07-09,3,43,42.0,759.0,379.0,95.0,62.0,22.0,12.0,1782621,"29 Years, 0 months, 9 days"
340,Frank Ntilikina,Mavericks,Guard,193,19.0,France,1998-07-28,5,8,,,,,,,,1789256,"30 Years, 1 months, 23 days"
341,Kendrick Nunn,Lakers,Guard,188,18.0,USA,1995-08-03,2,Undrafted,,,,,,,,5000000,"28 Years, 5 months, 2 days"
342,Jusuf Nurkic,Trail Blazers,Center,211,27.0,Bosnia and Herzegovina,1994-08-23,8,16,37.0,880.0,424.0,332.0,125.0,38.0,39.0,12000000,"24 Years, 5 months, 23 days"
343,David Nwaba,Rockets,Guard-Forward,196,20.0,USA,1993-01-14,6,Undrafted,30.0,679.0,276.0,118.0,31.0,30.0,21.0,4650000,"21 Years, 10 months, 21 days"
344,Jordan Nwora,Bucks,Forward,203,21.0,USA,1998-09-09,2,45,30.0,274.0,171.0,60.0,7.0,17.0,8.0,1517981,"24 Years, 7 months, 21 days"
345,Royce O'Neale,Nets,Forward,196,21.0,USA,1993-06-05,5,Undrafted,,,,,,,,8678571,"36 Years, 7 months, 2 days"
346,Chuma Okeke,Magic,Forward,198,21.0,USA,1998-08-18,2,16,45.0,1133.0,349.0,181.0,101.0,48.0,22.0,3277080,"33 Years, 11 months, 20 days"
347,Josh Okogie,Suns,Guard,193,20.0,Nigeria,1998-09-01,4,20,,,,,,,,4087904,"31 Years, 7 months, 19 days"
348,Onyeka Okongwu,Hawks,Forward-Center,203,22.0,USA,2000-12-11,2,6,50.0,601.0,228.0,163.0,18.0,23.0,33.0,6104280,"28 Years, 6 months, 7 days"
349,Isaac Okoro,Cavaliers,Forward-Guard,196,21.0,USA,2001-01-26,2,5,67.0,2173.0,646.0,206.0,128.0,62.0,24.0,6720720,"31 Years, 11 months, 3 days"
350,Victor Oladipo,Heat,Guard,193,20.0,USA,1992-05-04,9,2,4.0,111.0,48.0,14.0,14.0,7.0,2.0,2389641,"26 Years, 7 months, 1 days"
351,Kelly Olynyk,Pistons,Forward-Center,211,22.0,Canada,1991-04-19,9,13,,,,,,,,12195122,"26 Years, 4 months, 21 days"
352,Cedi Osman,Cavaliers,Forward,201,21.0,Turkey,1995-04-08,5,31,59.0,1511.0,613.0,201.0,174.0,53.0,9.0,8050000,"28 Years, 5 months, 16 days"
353,Kelly Oubre Jr.,Hornets,Forward-Guard,198,19.0,USA,1995-12-09,7,15,,,,,,,,12000000,"30 Years, 10 months, 25 days"
354,Eric Paschall,Timberwolves,Forward,198,24.0,USA,1996-11-04,3,41,,,,,,,,1782621,"29 Years, 0 months, 9 days"
355,Chris Paul,Suns,Guard,183,16.0,USA,1985-05-06,17,4,70.0,2200.0,1149.0,312.0,622.0,99.0,19.0,30800000,"20 Years, 1 months, 30 days"
356,Cameron Payne,Suns,Guard,185,17.0,USA,1994-08-08,7,14,60.0,1079.0,505.0,144.0,217.0,36.0,16.0,6500000,"23 Years, 8 months, 20 days"
357,Elfrid Payton,Suns,Guard,190,18.0,USA,1994-02-22,8,10,,,,,,,,2239544,"25 Years, 6 months, 11 days"
358,Gary Payton II,Trail Blazers,Guard,190,18.0,USA,1992-12-01,6,Undrafted,,,,,,,,1939350,"20 Years, 10 months, 18 days"
361,Mason Plumlee,Hornets,Forward-Center,211,24.0,USA,1990-03-05,9,22,,,,,,,,8137500,"22 Years, 11 months, 9 days"
362,Jakob Poeltl,Spurs,Center,216,23.0,Austria,1995-10-15,6,9,69.0,1845.0,593.0,547.0,134.0,47.0,123.0,8750000,"23 Years, 3 months, 16 days"
363,Aleksej Pokusevski,Thunder,Forward,213,18.0,Serbia,2001-12-26,2,17,45.0,1090.0,367.0,212.0,97.0,20.0,42.0,3113160,"28 Years, 6 months, 18 days"
365,Jordan Poole,Warriors,Guard,193,18.0,USA,1999-06-19,3,28,51.0,988.0,612.0,92.0,99.0,26.0,9.0,2161440,"22 Years, 6 months, 8 days"
366,Kevin Porter Jr.,Rockets,Guard-Forward,193,19.0,USA,2000-05-04,3,30,26.0,836.0,431.0,99.0,164.0,19.0,8.0,2130240,"24 Years, 9 months, 3 days"
367,Michael Porter Jr.,Nuggets,Forward,208,20.0,USA,1998-06-29,3,14,61.0,1912.0,1162.0,445.0,70.0,40.0,54.0,5258735,"30 Years, 10 months, 14 days"
368,Otto Porter Jr.,Raptors,Forward,203,19.0,USA,1993-06-03,9,3,,,,,,,,2389641,"19 Years, 11 months, 30 days"
369,Bobby Portis,Bucks,Forward,208,23.0,USA,1995-02-10,7,22,66.0,1372.0,754.0,466.0,71.0,52.0,26.0,4347600,"32 Years, 0 months, 19 days"
370,Kristaps Porzingis,Wizards,Forward-Center,221,22.0,Latvia,1995-08-02,6,4,,,,,,,,31650600,"25 Years, 2 months, 15 days"
371,Dwight Powell,Mavericks,Forward-Center,208,22.0,Canada,1991-07-20,8,45,58.0,966.0,342.0,234.0,63.0,36.0,30.0,11000000,"21 Years, 4 months, 2 days"
373,Norman Powell,Clippers,Guard,190,20.0,USA,1993-05-25,7,46,,,,,,,,15517242,"21 Years, 3 months, 21 days"
374,Joshua Primo,Spurs,Guard,193,18.0,Canada,2002-12-24,1,12,,,,,,,,3946800,"26 Years, 10 months, 27 days"
375,Taurean Prince,Timberwolves,Forward,198,20.0,USA,1994-03-22,6,12,,,,,,,,15057692,"24 Years, 6 months, 21 days"
376,Payton Pritchard,Celtics,Guard,185,18.0,USA,1998-01-28,2,26,66.0,1268.0,510.0,158.0,120.0,37.0,9.0,2137440,"36 Years, 4 months, 16 days"
379,Immanuel Quickley,Knicks,Guard,190,18.0,USA,1999-06-17,2,25,64.0,1244.0,731.0,137.0,127.0,30.0,12.0,2210640,"20 Years, 11 months, 11 days"
380,Julius Randle,Knicks,Forward-Center,203,23.0,USA,1994-11-29,8,7,71.0,2667.0,1712.0,724.0,427.0,64.0,18.0,19800000,"28 Years, 1 months, 20 days"
381,Austin Reaves,Lakers,Guard,196,18.0,USA,1998-05-29,1,Undrafted,,,,,,,,925258,"32 Years, 7 months, 16 days"
382,Cam Reddish,Knicks,Forward-Guard,203,20.0,USA,1999-09-01,3,10,,,,,,,,4670160,"31 Years, 6 months, 11 days"
384,Paul Reed,76ers,Forward,206,20.0,USA,1999-06-14,2,58,26.0,177.0,88.0,61.0,12.0,10.0,13.0,1517981,"25 Years, 6 months, 20 days"
385,Naz Reid,Timberwolves,Center-Forward,206,24.0,USA,1999-08-26,3,Undrafted,70.0,1347.0,784.0,322.0,72.0,34.0,76.0,1782621,"24 Years, 6 months, 19 days"
386,Nick Richards,Hornets,Center,213,23.0,Jamaica,1997-11-29,2,42,18.0,63.0,15.0,11.0,2.0,0.0,0.0,1517981,"23 Years, 8 months, 12 days"
387,Josh Richardson,Spurs,Guard,196,19.0,USA,1993-09-15,7,40,,,,,,,,11600000,"20 Years, 11 months, 7 days"
388,Austin Rivers,Timberwolves,Guard,193,19.0,USA,1992-08-01,10,10,,,,,,,,2401537,"24 Years, 6 months, 20 days"
389,Duncan Robinson,Heat,Forward,201,20.0,USA,1994-04-22,4,Undrafted,72.0,2262.0,942.0,250.0,127.0,43.0,20.0,15560000,"29 Years, 5 months, 14 days"
390,Mitchell Robinson,Knicks,Center-Forward,213,22.0,USA,1998-04-01,4,36,31.0,853.0,256.0,252.0,17.0,35.0,45.0,1802057,"26 Years, 10 months, 9 days"
391,Jeremiah Robinson-Earl,Thunder,Forward,203,23.0,USA,2000-11-03,1,32,,,,,,,,2000000,"23 Years, 8 months, 6 days"
392,Isaiah Roby,Spurs,Forward,203,21.0,USA,1998-02-03,3,45,,,,,,,,1782621,"37 Years, 4 months, 19 days"
393,Rajon Rondo,Cavaliers,Guard,185,17.0,USA,1986-02-22,17,21,,,,,,,,2641691,"26 Years, 6 months, 0 days"
394,Derrick Rose,Knicks,Guard,188,19.0,USA,1988-10-04,13,1,35.0,937.0,521.0,101.0,146.0,31.0,15.0,13445120,"30 Years, 4 months, 18 days"
395,Terrence Ross,Magic,Guard-Forward,198,19.0,USA,1991-02-05,10,8,46.0,1347.0,717.0,158.0,108.0,47.0,21.0,12500000,"28 Years, 6 months, 30 days"
396,Terry Rozier,Hornets,Guard,185,18.0,USA,1994-03-17,7,16,69.0,2383.0,1407.0,302.0,293.0,87.0,26.0,17905263,"23 Years, 5 months, 21 days"
397,Ricky Rubio,Cavaliers,Guard,188,18.0,Spain,1990-10-21,11,5,,,,,,,,17809524,"22 Years, 1 months, 1 days"
398,D'Angelo Russell,Timberwolves,Guard,193,18.0,USA,1996-02-23,7,2,42.0,1196.0,796.0,111.0,244.0,45.0,18.0,30013500,"26 Years, 3 months, 10 days"
400,Domantas Sabonis,Kings,Forward-Center,211,22.0,Lithuania,1996-05-03,6,11,,,,,,,,18562500,"25 Years, 10 months, 4 days"
401,Dario Saric,Suns,Forward-Center,208,21.0,Croatia,1994-04-08,5,12,50.0,871.0,437.0,190.0,65.0,30.0,4.0,9000000,"21 Years, 0 months, 28 days"
402,Tomas Satoransky,Wizards,Guard,201,20.0,Czech Republic,1991-10-30,7,32,,,,,,,,10468119,"25 Years, 4 months, 29 days"
405,Dennis Schroder,Rockets,Guard,185,16.0,Germany,1993-09-15,9,17,,,,,,,,5890000,"32 Years, 0 months, 18 days"
407,Alperen Sengun,Rockets,Center,208,23.0,Turkey,2002-07-25,1,16,,,,,,,,3214680,"24 Years, 1 months, 1 days"
408,Collin Sexton,Jazz,Guard,185,18.0,USA,1999-01-04,4,8,,,,,,,,6349671,"27 Years, 11 months, 11 days"
409,Landry Shamet,Suns,Guard,193,18.0,USA,1997-03-13,4,26,,,,,,,,3768342,"21 Years, 10 months, 15 days"
410,Day'Ron Sharpe,Nets,Center,206,24.0,USA,2001-11-06,1,29,,,,,,,,2009040,"33 Years, 10 months, 12 days"
411,Pascal Siakam,Raptors,Forward,203,21.0,Cameroon,1994-04-02,6,27,56.0,2006.0,1196.0,405.0,250.0,64.0,37.0,31320000,"22 Years, 7 months, 8 days"
412,Ben Simmons,Nets,Guard-Forward,211,22.0,Australia,1996-07-20,4,1,,,,,,,,31590000,"28 Years, 2 months, 22 days"
413,Marko Simonovic,Bulls,Center,211,20.0,Montenegro,1999-10-15,1,44,,,,,,,,925258,"33 Years, 3 months, 11 days"
414,Anfernee Simons,Trail Blazers,Guard,190,17.0,USA,1999-06-08,4,24,64.0,1104.0,502.0,140.0,89.0,18.0,8.0,3938818,"23 Years, 8 months, 22 days"
417,Marcus Smart,Celtics,Guard,193,20.0,USA,1994-03-06,8,6,48.0,1581.0,627.0,167.0,273.0,72.0,23.0,14339285,"27 Years, 9 months, 22 days"
418,Ish Smith,Nuggets,Guard,183,16.0,USA,1988-07-05,12,Undrafted,,,,,,,,4500000,"35 Years, 10 months, 28 days"
419,Jalen Smith,Pacers,Forward-Center,208,20.0,USA,2000-03-16,2,10,,,,,,,,4458000,"21 Years, 0 months, 29 days"
420,Xavier Sneed,Jazz,Forward,196,20.0,USA,1997-12-21,1,Undrafted,,,,,,,,1563518,"21 Years, 0 months, 12 days"
421,Tony Snell,Pelicans,Guard,198,20.0,USA,1991-11-10,9,20,,,,,,,,2389641,"24 Years, 11 months, 7 days"
422,Jaden Springer,76ers,Guard,193,19.0,USA,2002-09-25,1,28,,,,,,,,2023800,"22 Years, 2 months, 18 days"
424,Lance Stephenson,Pacers,Forward,196,20.0,USA,1990-09-05,11,40,,,,,,,,924730,"26 Years, 5 months, 29 days"
425,Lamar Stevens,Cavaliers,Forward,198,21.0,USA,1997-07-09,2,Undrafted,40.0,499.0,165.0,96.0,25.0,17.0,13.0,1517981,"21 Years, 5 months, 24 days"
426,Isaiah Stewart,Pistons,Forward-Center,203,23.0,USA,2001-05-22,2,16,68.0,1455.0,537.0,453.0,59.0,39.0,86.0,3277080,"26 Years, 11 months, 28 days"
427,Max Strus,Heat,Guard-Forward,196,20.0,USA,1996-03-28,3,Undrafted,39.0,507.0,236.0,41.0,24.0,11.0,2.0,1669178,"23 Years, 0 months, 2 days"
428,Jalen Suggs,Magic,Guard,196,19.0,USA,2001-06-03,1,5,,,,,,,,6593040,"30 Years, 4 months, 29 days"
429,Jae'Sean Tate,Rockets,Forward,193,21.0,USA,1995-10-28,2,Undrafted,70.0,2043.0,794.0,374.0,178.0,85.0,36.0,1517981,"34 Years, 3 months, 3 days"
430,Jayson Tatum,Celtics,Forward-Guard,203,20.0,USA,1998-03-03,5,3,64.0,2290.0,1692.0,472.0,276.0,75.0,31.0,28103550,"24 Years, 0 months, 5 days"
432,Garrett Temple,Pelicans,Guard-Forward,196,18.0,USA,1986-05-08,12,Undrafted,,,,,,,,4910000,"25 Years, 6 months, 6 days"
433,Tyrell Terry,Grizzlies,Guard,188,15.0,USA,2000-09-28,3,31,,,,,,,,1517981,
434,Daniel Theis,Pacers,Forward-Center,206,23.0,Germany,1992-04-04,5,Undrafted,,,,,,,,8372093,
436,Cam Thomas,Nets,Guard,190,20.0,Japan,2001-10-13,1,27,,,,,,,,2036280,
438,Matt Thomas,Bulls,Guard,190,18.0,USA,1994-08-04,3,Undrafted,,,,,,,,1669178,
439,Klay Thompson,Warriors,Guard,198,20.0,USA,1990-02-08,9,11,,,,,,,,37980720,
440,Tristan Thompson,Bulls,Center-Forward,206,24.0,Canada,1991-03-13,11,4,,,,,,,,9720900,
441,JT Thor,Hornets,Forward,206,19.0,USA,2002-08-26,1,37,,,,,,,,1250000,
442,Matisse Thybulle,76ers,Guard-Forward,196,19.0,USA,1997-03-04,3,20,65.0,1298.0,255.0,124.0,63.0,105.0,71.0,2840160,
443,Killian Tillie,Grizzlies,Forward-Center,206,20.0,France,1998-03-05,2,Undrafted,18.0,182.0,57.0,24.0,8.0,5.0,8.0,2000000,
444,Xavier Tillman Sr.,Grizzlies,Forward,203,23.0,USA,1999-01-12,2,35,59.0,1085.0,390.0,256.0,75.0,44.0,33.0,1517981,
445,Isaiah Todd,Wizards,Forward,206,20.0,USA,2001-10-17,1,31,,,,,,,,1500000,
446,Obi Toppin,Knicks,Forward,206,20.0,USA,1998-03-04,2,8,62.0,683.0,253.0,138.0,29.0,17.0,15.0,5105160,
447,Juan Toscano-Anderson,Lakers,Forward,198,20.0,USA,1993-04-10,3,Undrafted,,,,,,,,1701593,
448,Karl-Anthony Towns,Timberwolves,Center-Forward,211,23.0,USA,1995-11-15,7,1,50.0,1689.0,1239.0,529.0,225.0,39.0,57.0,31610000,
449,Gary Trent Jr.,Raptors,Guard-Forward,196,20.0,USA,1999-01-18,4,37,17.0,540.0,275.0,61.0,22.0,19.0,4.0,16000000,
450,P.J. Tucker,76ers,Forward,196,23.0,USA,1985-05-05,11,35,,,,,,,,7000000,
452,Myles Turner,Pacers,Center-Forward,211,23.0,USA,1996-03-24,7,11,47.0,1455.0,592.0,306.0,48.0,40.0,159.0,18000000,
453,Jonas Valanciunas,Pelicans,Center,211,24.0,Lithuania,1992-05-06,10,5,,,,,,,,14000000,
454,Fred VanVleet,Raptors,Guard,185,18.0,USA,1994-02-25,6,Undrafted,52.0,1899.0,1019.0,220.0,328.0,87.0,37.0,19675926,
455,Jarred Vanderbilt,Jazz,Forward,206,20.0,USA,1999-04-03,4,41,,,,,,,,4259259,
456,Devin Vassell,Spurs,Guard-Forward,196,19.0,USA,2000-08-23,2,11,62.0,1056.0,341.0,174.0,56.0,43.0,18.0,4235160,
457,Gabe Vincent,Heat,Guard,190,19.0,USA,1996-06-14,3,Undrafted,50.0,655.0,242.0,56.0,67.0,21.0,2.0,1669178,
458,Nikola Vucevic,Bulls,Center,208,24.0,Montenegro,1990-10-24,11,16,26.0,848.0,559.0,300.0,102.0,23.0,20.0,24000000,
459,Dean Wade,Cavaliers,Forward-Center,206,21.0,USA,1996-11-20,3,Undrafted,63.0,1212.0,376.0,215.0,74.0,35.0,21.0,1782621,
460,Franz Wagner,Magic,Forward,208,20.0,Germany,2001-08-27,1,8,,,,,,,,5007840,
461,Moritz Wagner,Magic,Forward-Center,211,23.0,Germany,1997-04-26,4,25,11.0,286.0,121.0,54.0,12.0,4.0,9.0,1729217,
463,Kemba Walker,Pistons,Guard,183,17.0,USA,1990-05-08,11,9,,,,,,,,8729020,
464,Lonnie Walker IV,Lakers,Guard-Forward,193,19.0,USA,1998-12-14,4,18,,,,,,,,4447896,
465,John Wall,Clippers,Guard,190,20.0,USA,1990-09-06,10,1,,,,,,,,44310840,
466,T.J. Warren,Nets,Forward,203,20.0,USA,1993-09-05,7,14,,,,,,,,12690000,
467,P.J. Washington,Hornets,Forward,201,21.0,USA,1998-08-23,3,12,64.0,1954.0,824.0,418.0,161.0,69.0,79.0,4215120,
469,Yuta Watanabe,Nets,Guard-Forward,206,20.0,Japan,1994-10-13,4,Undrafted,,,,,,,,1762769,
471,Trendon Watford,Trail Blazers,Forward,203,22.0,USA,2000-11-09,1,Undrafted,,,,,,,,260561,
473,Russell Westbrook,Lakers,Guard,190,19.0,USA,1988-11-12,14,4,,,,,,,,44211146,
474,Coby White,Bulls,Guard,193,18.0,USA,2000-02-16,3,7,69.0,2156.0,1041.0,284.0,328.0,38.0,15.0,5837760,
475,Derrick White,Celtics,Guard,193,18.0,USA,1994-07-02,5,29,,,,,,,,15178571,
476,Hassan Whiteside,Jazz,Center,213,24.0,USA,1989-06-13,10,33,,,,,,,,2401537,
478,Aaron Wiggins,Thunder,Guard,193,18.0,USA,1999-01-02,1,55,,,,,,,,1000000,
479,Andrew Wiggins,Warriors,Forward,201,18.0,Canada,1995-02-23,8,1,71.0,2364.0,1320.0,347.0,167.0,67.0,70.0,31579390,
482,Grant Williams,Celtics,Forward,198,22.0,USA,1998-11-30,3,22,63.0,1138.0,294.0,178.0,64.0,32.0,24.0,2617800,
483,Kenrich Williams,Thunder,Guard-Forward,198,20.0,USA,1994-12-02,4,Undrafted,66.0,1426.0,526.0,273.0,152.0,55.0,17.0,2000000,
484,Lou Williams,Hawks,Guard,188,16.0,USA,1986-10-27,17,45,24.0,505.0,239.0,50.0,81.0,8.0,2.0,5000000,
485,Patrick Williams,Bulls,Forward,201,20.0,USA,2001-08-26,2,4,71.0,1983.0,655.0,327.0,99.0,64.0,46.0,7422000,
486,Ziaire Williams,Grizzlies,Forward,206,17.0,USA,2001-09-12,1,10,,,,,,,,4373160,
487,Robert Williams III,Celtics,Center-Forward,206,22.0,USA,1997-10-17,4,27,52.0,985.0,417.0,358.0,94.0,43.0,91.0,3661976,
488,Zion Williamson,Pelicans,Forward,198,27.0,USA,2000-07-06,2,1,61.0,2026.0,1647.0,441.0,226.0,57.0,39.0,10733400,
489,Dylan Windler,Cavaliers,Guard-Forward,198,18.0,USA,1996-09-22,2,26,31.0,513.0,161.0,107.0,33.0,19.0,12.0,2239200,
490,Justise Winslow,Trail Blazers,Forward-Guard,198,21.0,USA,1996-03-26,7,10,,,,,,,,3902439,
492,James Wiseman,Warriors,Center,213,22.0,USA,2001-03-31,1,2,39.0,836.0,448.0,226.0,26.0,11.0,36.0,9166800,
493,Christian Wood,Mavericks,Forward,206,20.0,USA,1995-09-27,6,Undrafted,,,,,,,,13666667,
494,Robert Woodard II,Spurs,Forward,198,22.0,USA,1999-09-22,2,40,,,,,,,,1517981,
495,Delon Wright,Wizards,Guard,196,17.0,USA,1992-04-26,7,20,,,,,,,,8526316,
499,Thaddeus Young,Raptors,Forward,203,22.0,USA,1988-06-21,15,12,,,,,,,,14190000,
500,Trae Young,Hawks,Guard,185,15.0,USA,1998-09-19,4,5,63.0,2125.0,1594.0,245.0,594.0,53.0,12.0,8326471,
501,Omer Yurtseven,Heat,Center,211,26.0,Turkey,1998-06-19,1,Undrafted,,,,,,,,1489065,
502,Ivica Zubac,Clippers,Center,213,22.0,Croatia,1997-03-18,6,32,72.0,1609.0,650.0,519.0,90.0,24.0,62.0,7518518,
