,PERSON_ID,DISPLAY_LAST_COMMA_FIRST,DISPLAY_FIRST_LAST,ROSTERSTATUS,FROM_YEAR,TO_YEAR,PLAYERCODE,PLAYER_SLUG,TEAM_ID,TEAM_CITY,TEAM_NAME,TEAM_ABBREVIATION,TEAM_CODE,TEAM_SLUG,GAMES_PLAYED_FLAG,OTHERLEAGUE_EXPERIENCE_CH
10,1630173,"Achiuwa, Precious",Precious Achiuwa,1,2020,2022,precious_achiuwa,precious_achiuwa,1610612761,Toronto,Raptors,TOR,raptors,raptors,Y,00
22,203500,"Adams, Steven",Steven Adams,1,2013,2022,steven_adams,steven_adams,1610612763,Memphis,Grizzlies,MEM,grizzlies,grizzlies,Y,00
24,1628389,"Adebayo, Bam",Bam Adebayo,1,2017,2022,bam_adebayo,bam_adebayo,1610612748,Miami,Heat,MIA,heat,heat,Y,00
41,1630583,"Aldama, Santi",Santi Aldama,1,2021,2022,santi_aldama,santi_aldama,1610612763,Memphis,Grizzlies,MEM,grizzlies,grizzlies,Y,11
44,200746,"Aldridge, LaMarcus",LaMarcus Aldridge,1,2006,2022,lamarcus_aldridge,lamarcus_aldridge,1610612751,Brooklyn,Nets,BKN,nets,nets,Y,00
54,1629638,"Alexander-Walker, Nickeil",Nickeil Alexander-Walker,1,2019,2022,nickeil_alexander-walker,nickeil_alexander-walker,1610612762,Utah,Jazz,UTA,jazz,jazz,Y,01
58,1628960,"Allen, Grayson",Grayson Allen,1,2018,2022,grayson_allen,grayson_allen,1610612749,Milwaukee,Bucks,MIL,bucks,bucks,Y,01
59,1628386,"Allen, Jarrett",Jarrett Allen,1,2017,2022,jarrett_allen,jarrett_allen,1610612739,Cleveland,Cavaliers,CLE,cavaliers,cavaliers,Y,00
75,1630631,"Alvarado, Jose",Jose Alvarado,1,2021,2022,jose_alvarado,jose_alvarado,1610612740,New Orleans,Pelicans,NOP,pelicans,pelicans,Y,00
96,203937,"Anderson, Kyle",Kyle Anderson,1,2014,2022,kyle_anderson,kyle_anderson,1610612763,Memphis,Grizzlies,MEM,grizzlies,grizzlies,Y,01
111,203507,"Antetokounmpo, Giannis",Giannis Antetokounmpo,1,2013,2022,giannis_antetokounmpo,giannis_antetokounmpo,1610612749,Milwaukee,Bucks,MIL,bucks,bucks,Y,00
113,203648,"Antetokounmpo, Thanasis",Thanasis Antetokounmpo,1,2015,2022,thanasis_antetokounmpo,thanasis_antetokounmpo,1610612749,Milwaukee,Bucks,MIL,bucks,bucks,Y,01
114,2546,"Anthony, Carmelo",Carmelo Anthony,1,2003,2022,carmelo_anthony,carmelo_anthony,1610612747,Los Angeles,Lakers,LAL,lakers,lakers,Y,00
115,1630175,"Anthony, Cole",Cole Anthony,1,2020,2022,cole_anthony,cole_anthony,1610612753,Orlando,Magic,ORL,magic,magic,Y,00
119,1628384,"Anunoby, OG",OG Anunoby,1,2017,2022,og_anunoby,og_anunoby,1610612761,Toronto,Raptors,TOR,raptors,raptors,Y,00
125,1627853,"Arcidiacono, Ryan",Ryan Arcidiacono,1,2017,2021,ryan_arcidiacono,ryan_arcidiacono,1610612752,New York,Knicks,NYK,knicks,knicks,Y,11
155,201571,"Augustin, D.J.",D.J. Augustin,1,2008,2022,d.j._augustin,dj_augustin,1610612747,Los Angeles,Lakers,LAL,lakers,lakers,Y,00
160,1630166,"Avdija, Deni",Deni Avdija,1,2020,2022,deni_avdija,deni_avdija,1610612764,Washington,Wizards,WAS,wizards,wizards,Y,00
168,1629028,"Ayton, Deandre",Deandre Ayton,1,2018,2022,deandre_ayton,deandre_ayton,1610612756,Phoenix,Suns,PHX,suns,suns,Y,00
170,1628962,"Azubuike, Udoka",Udoka Azubuike,1,2020,2022,udoka_azubuike,udoka_azubuike,1610612762,Utah,Jazz,UTA,jazz,jazz,Y,11
179,1628963,"Bagley III, Marvin",Marvin Bagley III,1,2018,2022,marvin_bagley_iii,marvin_bagley_iii,1610612765,Detroit,Pistons,DET,pistons,pistons,Y,00
195,1630163,"Ball, LaMelo",LaMelo Ball,1,2020,2022,lamelo_ball,lamelo_ball,1610612766,Charlotte,Hornets,CHA,hornets,hornets,Y,00
196,1628366,"Ball, Lonzo",Lonzo Ball,1,2017,2022,lonzo_ball,lonzo_ball,1610612741,Chicago,Bulls,CHI,bulls,bulls,Y,00
199,1628964,"Bamba, Mo",Mo Bamba,1,2018,2022,mohamed_bamba,mo_bamba,1610612753,Orlando,Magic,ORL,magic,magic,Y,00
201,1630217,"Bane, Desmond",Desmond Bane,1,2020,2022,desmond_bane,desmond_bane,1610612763,Memphis,Grizzlies,MEM,grizzlies,grizzlies,Y,00
206,1630625,"Banton, Dalano",Dalano Banton,1,2021,2022,dalano_banton,dalano_banton,1610612761,Toronto,Raptors,TOR,raptors,raptors,Y,11
219,203084,"Barnes, Harrison",Harrison Barnes,1,2012,2022,harrison_barnes,harrison_barnes,1610612758,Sacramento,Kings,SAC,kings,kings,Y,00
224,1630567,"Barnes, Scottie",Scottie Barnes,1,2021,2022,scottie_barnes,scottie_barnes,1610612761,Toronto,Raptors,TOR,raptors,raptors,Y,00
235,1629628,"Barrett, RJ",RJ Barrett,1,2019,2022,rj_barrett,rj_barrett,1610612752,New York,Knicks,NYK,knicks,knicks,Y,00
244,203115,"Barton, Will",Will Barton,1,2012,2022,will_barton,will_barton,1610612743,Denver,Nuggets,DEN,nuggets,nuggets,Y,01
250,1629646,"Bassey, Charles",Charles Bassey,1,2021,2022,charles_bassey,charles_bassey,1610612755,Philadelphia,76ers,PHI,sixers,sixers,Y,11
254,1628966,"Bates-Diop, Keita",Keita Bates-Diop,1,2018,2022,keita_bates-diop,keita_bates-diop,1610612759,San Antonio,Spurs,SAS,spurs,spurs,Y,01
262,201587,"Batum, Nicolas",Nicolas Batum,1,2008,2022,nicolas_batum,nicolas_batum,1610612746,LA,Clippers,LAC,clippers,clippers,Y,00
270,203145,"Bazemore, Kent",Kent Bazemore,1,2012,2022,kent_bazemore,kent_bazemore,1610612747,Los Angeles,Lakers,LAL,lakers,lakers,Y,01
271,1629647,"Bazley, Darius",Darius Bazley,1,2019,2022,darius_bazley,darius_bazley,1610612760,Oklahoma City,Thunder,OKC,thunder,thunder,Y,00
273,203078,"Beal, Bradley",Bradley Beal,1,2012,2022,bradley_beal,bradley_beal,1610612764,Washington,Wizards,WAS,wizards,wizards,Y,00
277,1627736,"Beasley, Malik",Malik Beasley,1,2016,2022,malik_beasley,malik_beasley,1610612750,Minnesota,Timberwolves,MIN,timberwolves,timberwolves,Y,01
321,202722,"Bertans, Davis",Davis Bertans,1,2016,2022,davis_bertans,davis_bertans,1610612742,Dallas,Mavericks,DAL,mavericks,mavericks,Y,01
325,201976,"Beverley, Patrick",Patrick Beverley,1,2012,2022,patrick_beverley,patrick_beverley,1610612750,Minnesota,Timberwolves,MIN,timberwolves,timberwolves,Y,01
326,1630180,"Bey, Saddiq",Saddiq Bey,1,2020,2022,saddiq_bey,saddiq_bey,1610612765,Detroit,Pistons,DET,pistons,pistons,Y,00
340,203920,"Birch, Khem",Khem Birch,1,2017,2022,khem_birch,khem_birch,1610612761,Toronto,Raptors,TOR,raptors,raptors,Y,01
346,1629048,"Bitadze, Goga",Goga Bitadze,1,2019,2022,goga_bitadze,goga_bitadze,1610612754,Indiana,Pacers,IND,pacers,pacers,Y,01
347,202687,"Biyombo, Bismack",Bismack Biyombo,1,2011,2022,bismack_biyombo,bismack_biyombo,1610612756,Phoenix,Suns,PHX,suns,suns,Y,00
348,202357,"Bjelica, Nemanja",Nemanja Bjelica,1,2015,2021,nemanja_bjelica,nemanja_bjelica,1610612744,Golden State,Warriors,GSW,warriors,warriors,Y,00
369,202339,"Bledsoe, Eric",Eric Bledsoe,1,2010,2021,eric_bledsoe,eric_bledsoe,1610612757,Portland,Trail Blazers,POR,blazers,blazers,Y,01
370,1629833,"Blevins, Keljin",Keljin Blevins,1,2020,2022,keljin_blevins,keljin_blevins,1610612757,Portland,Trail Blazers,POR,blazers,blazers,Y,01
386,203992,"Bogdanovic, Bogdan",Bogdan Bogdanovic,1,2017,2022,bogdan_bogdanovic,bogdan_bogdanovic,1610612737,Atlanta,Hawks,ATL,hawks,hawks,Y,00
387,202711,"Bogdanovic, Bojan",Bojan Bogdanovic,1,2014,2022,bojan_bogdanovic,bojan_bogdanovic,1610612762,Utah,Jazz,UTA,jazz,jazz,Y,00
391,1629626,"Bol, Bol",Bol Bol,1,2019,2022,bol_bol,bol_bol,1610612753,Orlando,Magic,ORL,magic,magic,Y,01
396,1630195,"Bolmaro, Leandro",Leandro Bolmaro,1,2021,2022,leandro_bolmaro,leandro_bolmaro,1610612750,Minnesota,Timberwolves,MIN,timberwolves,timberwolves,Y,11
404,1629067,"Bonga, Isaac",Isaac Bonga,1,2018,2022,isaac_bonga,isaac_bonga,1610612761,Toronto,Raptors,TOR,raptors,raptors,Y,11
408,1626164,"Booker, Devin",Devin Booker,1,2015,2022,devin_booker,devin_booker,1610612756,Phoenix,Suns,PHX,suns,suns,Y,00
424,1630527,"Boston, Brandon",Brandon Boston,1,2021,2022,brandon_boston_jr,brandon_boston,1610612746,LA,Clippers,LAC,clippers,clippers,Y,11
427,1628449,"Boucher, Chris",Chris Boucher,1,2017,2022,chris_boucher,chris_boucher,1610612761,Toronto,Raptors,TOR,raptors,raptors,Y,01
428,1630547,"Bouknight, James",James Bouknight,1,2021,2022,james_bouknight,james_bouknight,1610612766,Charlotte,Hornets,CHA,hornets,hornets,Y,11
454,202340,"Bradley, Avery",Avery Bradley,1,2010,2022,avery_bradley,avery_bradley,1610612747,Los Angeles,Lakers,LAL,lakers,lakers,Y,01
461,1628396,"Bradley, Tony",Tony Bradley,1,2017,2022,tony_bradley,tony_bradley,1610612741,Chicago,Bulls,CHI,bulls,bulls,Y,01
478,1629649,"Brazdeikis, Ignas",Ignas Brazdeikis,1,2019,2022,ignas_brazdeikis,ignas_brazdeikis,1610612753,Orlando,Magic,ORL,magic,magic,Y,11
494,1628969,"Bridges, Mikal",Mikal Bridges,1,2018,2022,mikal_bridges,mikal_bridges,1610612756,Phoenix,Suns,PHX,suns,suns,Y,00
495,1628970,"Bridges, Miles",Miles Bridges,1,2018,2022,miles_bridges,miles_bridges,1610612766,Charlotte,Hornets,CHA,hornets,hornets,Y,00
501,1629052,"Brissett, Oshae",Oshae Brissett,1,2019,2022,oshae_brissett,oshae_brissett,1610612754,Indiana,Pacers,IND,pacers,pacers,Y,01
511,1627763,"Brogdon, Malcolm",Malcolm Brogdon,1,2016,2022,malcolm_brogdon,malcolm_brogdon,1610612754,Indiana,Pacers,IND,pacers,pacers,Y,00
515,1629717,"Brooks, Armoni",Armoni Brooks,1,2020,2021,sl_armoni_brooks,armoni_brooks,1610612761,Toronto,Raptors,TOR,raptors,raptors,Y,11
516,1628415,"Brooks, Dillon",Dillon Brooks,1,2017,2022,dillon_brooks,dillon_brooks,1610612763,Memphis,Grizzlies,MEM,grizzlies,grizzlies,Y,00
525,1628971,"Brown, Bruce",Bruce Brown,1,2018,2022,bruce_brown,bruce_brown,1610612751,Brooklyn,Nets,BKN,nets,nets,Y,01
540,1627759,"Brown, Jaylen",Jaylen Brown,1,2016,2022,jaylen_brown,jaylen_brown,1610612738,Boston,Celtics,BOS,celtics,celtics,Y,00
551,1629650,"Brown, Moses",Moses Brown,1,2019,2022,moses_brown,moses_brown,1610612739,Cleveland,Cavaliers,CLE,cavaliers,cavaliers,Y,11
560,1628425,"Brown, Sterling",Sterling Brown,1,2017,2022,sterling_brown,sterling_brown,1610612742,Dallas,Mavericks,DAL,mavericks,mavericks,Y,01
563,1630535,"Brown III, Greg",Greg Brown III,1,2021,2022,greg_brown_iii,greg_brown_iii,1610612757,Portland,Trail Blazers,POR,blazers,blazers,Y,00
564,1629718,"Brown Jr., Charlie",Charlie Brown Jr.,1,2019,2022,charles_brown,charlie_brown_jr,1610612755,Philadelphia,76ers,PHI,sixers,sixers,Y,11
565,1630602,"Brown Jr., Chaundee",Chaundee Brown Jr.,1,2021,2021,chaundee_brown,chaundee_brown_jr,1610612737,Atlanta,Hawks,ATL,hawks,hawks,Y,11
566,1628972,"Brown Jr., Troy",Troy Brown Jr.,1,2018,2022,troy_brown_jr,troy_brown_jr,1610612741,Chicago,Bulls,CHI,bulls,bulls,Y,01
569,1628973,"Brunson, Jalen",Jalen Brunson,1,2018,2022,jalen_brunson,jalen_brunson,1610612742,Dallas,Mavericks,DAL,mavericks,mavericks,Y,00
577,1628418,"Bryant, Thomas",Thomas Bryant,1,2017,2022,thomas_bryant,thomas_bryant,1610612764,Washington,Wizards,WAS,wizards,wizards,Y,01
592,203493,"Bullock, Reggie",Reggie Bullock,1,2013,2022,reggie_bullock,reggie_bullock,1610612742,Dallas,Mavericks,DAL,mavericks,mavericks,Y,01
598,203504,"Burke, Trey",Trey Burke,1,2013,2022,trey_burke,trey_burke,1610612742,Dallas,Mavericks,DAL,mavericks,mavericks,Y,01
600,202692,"Burks, Alec",Alec Burks,1,2011,2022,alec_burks,alec_burks,1610612752,New York,Knicks,NYK,knicks,knicks,Y,01
624,1630215,"Butler, Jared",Jared Butler,1,2021,2022,jared_butler,jared_butler,1610612762,Utah,Jazz,UTA,jazz,jazz,Y,11
625,202710,"Butler, Jimmy",Jimmy Butler,1,2011,2022,jimmy_butler,jimmy_butler,1610612748,Miami,Heat,MIA,heat,heat,Y,00
638,1629719,"Cacok, Devontae",Devontae Cacok,1,2019,2022,davontae_cacok,devontae_cacok,1610612759,San Antonio,Spurs,SAS,spurs,spurs,Y,11
648,203484,"Caldwell-Pope, Kentavious",Kentavious Caldwell-Pope,1,2013,2022,kentavious_caldwell-pope,kentavious_caldwell-pope,1610612764,Washington,Wizards,WAS,wizards,wizards,Y,00
658,1630267,"Campazzo, Facundo",Facundo Campazzo,1,2020,2021,facundo_campazzo,facundo_campazzo,1610612743,Denver,Nuggets,DEN,nuggets,nuggets,Y,00
662,1628427,"Cancar, Vlatko",Vlatko Cancar,1,2019,2022,vlatko_cancar,vlatko_cancar,1610612743,Denver,Nuggets,DEN,nuggets,nuggets,Y,01
663,1629962,"Cannady, Devin",Devin Cannady,1,2020,2022,devin_cannady,devin_cannady,1610612753,Orlando,Magic,ORL,magic,magic,Y,11
665,203991,"Capela, Clint",Clint Capela,1,2014,2022,clint_capela,clint_capela,1610612737,Atlanta,Hawks,ATL,hawks,hawks,Y,01
668,1630176,"Carey Jr., Vernon",Vernon Carey Jr.,1,2020,2022,vernon_carey_jr,vernon_carey_jr,1610612764,Washington,Wizards,WAS,wizards,wizards,Y,11
695,1628975,"Carter, Jevon",Jevon Carter,1,2018,2022,jevon_carter,jevon_carter,1610612749,Milwaukee,Bucks,MIL,bucks,bucks,Y,01
700,1628976,"Carter Jr., Wendell",Wendell Carter Jr.,1,2018,2022,wendell_carter_jr,wendell_carter_jr,1610612753,Orlando,Magic,ORL,magic,magic,Y,00
704,1627936,"Caruso, Alex",Alex Caruso,1,2017,2022,alex_caruso,alex_caruso,1610612741,Chicago,Bulls,CHI,bulls,bulls,Y,01
729,1630551,"Champagnie, Justin",Justin Champagnie,1,2021,2022,justin_champagnie,justin_champagnie,1610612761,Toronto,Raptors,TOR,raptors,raptors,Y,11
751,1629185,"Chiozza, Chris",Chris Chiozza,1,2018,2022,chris_chiozza,chris_chiozza,1610612744,Golden State,Warriors,GSW,warriors,warriors,Y,11
754,1627737,"Chriss, Marquese",Marquese Chriss,1,2016,2022,marquese_chriss,marquese_chriss,1610612742,Dallas,Mavericks,DAL,mavericks,mavericks,Y,00
763,1630528,"Christopher, Josh",Josh Christopher,1,2021,2022,josh_christopher,josh_christopher,1610612745,Houston,Rockets,HOU,rockets,rockets,Y,00
769,1629109,"Clark, Gary",Gary Clark,1,2018,2022,gary_clark,gary_clark,1610612740,New Orleans,Pelicans,NOP,pelicans,pelicans,Y,01
772,1629634,"Clarke, Brandon",Brandon Clarke,1,2019,2022,brandon_clarke,brandon_clarke,1610612763,Memphis,Grizzlies,MEM,grizzlies,grizzlies,Y,00
774,203903,"Clarkson, Jordan",Jordan Clarkson,1,2014,2022,jordan_clarkson,jordan_clarkson,1610612762,Utah,Jazz,UTA,jazz,jazz,Y,01
778,1629651,"Claxton, Nic",Nic Claxton,1,2019,2022,nicolas_claxton,nic_claxton,1610612751,Brooklyn,Nets,BKN,nets,nets,Y,01
791,1629599,"Coffey, Amir",Amir Coffey,1,2019,2022,amir_coffey,amir_coffey,1610612746,LA,Clippers,LAC,clippers,clippers,Y,01
810,1628381,"Collins, John",John Collins,1,2017,2022,john_collins,john_collins,1610612737,Atlanta,Hawks,ATL,hawks,hawks,Y,00
813,1628380,"Collins, Zach",Zach Collins,1,2017,2022,zach_collins,zach_collins,1610612759,San Antonio,Spurs,SAS,spurs,spurs,Y,11
825,201144,"Conley, Mike",Mike Conley,1,2007,2022,mike_conley,mike_conley,1610612762,Utah,Jazz,UTA,jazz,jazz,Y,00
828,1626192,"Connaughton, Pat",Pat Connaughton,1,2015,2022,pat_connaughton,pat_connaughton,1610612749,Milwaukee,Bucks,MIL,bucks,bucks,Y,00
842,1629076,"Cook, Tyler",Tyler Cook,1,2019,2022,tyler_cook,tyler_cook,1610612741,Chicago,Bulls,CHI,bulls,bulls,Y,11
851,1630536,"Cooper, Sharife",Sharife Cooper,1,2021,2021,sharife_cooper,sharife_cooper,1610612737,Atlanta,Hawks,ATL,hawks,hawks,Y,11
873,202326,"Cousins, DeMarcus",DeMarcus Cousins,1,2010,2021,demarcus_cousins,demarcus_cousins,1610612743,Denver,Nuggets,DEN,nuggets,nuggets,Y,00
875,203496,"Covington, Robert",Robert Covington,1,2013,2022,robert_covington,robert_covington,1610612746,LA,Clippers,LAC,clippers,clippers,Y,01
881,1628470,"Craig, Torrey",Torrey Craig,1,2017,2022,torrey_craig,torrey_craig,1610612756,Phoenix,Suns,PHX,suns,suns,Y,01
906,203109,"Crowder, Jae",Jae Crowder,1,2012,2022,jae_crowder,jae_crowder,1610612756,Phoenix,Suns,PHX,suns,suns,Y,01
908,1629633,"Culver, Jarrett",Jarrett Culver,1,2019,2022,jarrett_culver,jarrett_culver,1610612763,Memphis,Grizzlies,MEM,grizzlies,grizzlies,Y,00
914,1630595,"Cunningham, Cade",Cade Cunningham,1,2021,2022,cade_cunningham,cade_cunningham,1610612765,Detroit,Pistons,DET,pistons,pistons,Y,00
928,203552,"Curry, Seth",Seth Curry,1,2013,2022,seth_curry,seth_curry,1610612751,Brooklyn,Nets,BKN,nets,nets,Y,01
929,201939,"Curry, Stephen",Stephen Curry,1,2009,2022,stephen_curry,stephen_curry,1610612744,Golden State,Warriors,GSW,warriors,warriors,Y,00
960,203076,"Davis, Anthony",Anthony Davis,1,2012,2022,anthony_davis,anthony_davis,1610612747,Los Angeles,Lakers,LAL,lakers,lakers,Y,00
974,202334,"Davis, Ed",Ed Davis,1,2010,2021,ed_davis,ed_davis,1610612739,Cleveland,Cavaliers,CLE,cavaliers,cavaliers,Y,01
995,1629056,"Davis, Terence",Terence Davis,1,2019,2022,terence_davis,terence_davis,1610612758,Sacramento,Kings,SAC,kings,kings,Y,00
1017,201942,"DeRozan, DeMar",DeMar DeRozan,1,2009,2022,demar_derozan,demar_derozan,1610612741,Chicago,Bulls,CHI,bulls,bulls,Y,00
1021,203473,"Dedmon, Dewayne",Dewayne Dedmon,1,2013,2022,dewayne_dedmon,dewayne_dedmon,1610612748,Miami,Heat,MIA,heat,heat,Y,01
1048,1628978,"DiVincenzo, Donte",Donte DiVincenzo,1,2018,2022,donte_divincenzo,donte_divincenzo,1610612758,Sacramento,Kings,SAC,kings,kings,Y,01
1053,1628977,"Diallo, Hamidou",Hamidou Diallo,1,2018,2022,hamidou_diallo,hamidou_diallo,1610612765,Detroit,Pistons,DET,pistons,pistons,Y,01
1064,203476,"Dieng, Gorgui",Gorgui Dieng,1,2013,2022,gorgui_dieng,gorgui_dieng,1610612737,Atlanta,Hawks,ATL,hawks,hawks,Y,00
1074,203915,"Dinwiddie, Spencer",Spencer Dinwiddie,1,2014,2022,spencer_dinwiddie,spencer_dinwiddie,1610612742,Dallas,Mavericks,DAL,mavericks,mavericks,Y,01
1087,1629029,"Doncic, Luka",Luka Doncic,1,2018,2022,luka_don,luka_doncic,1610612742,Dallas,Mavericks,DAL,mavericks,mavericks,Y,00
1095,1629652,"Dort, Luguentz",Luguentz Dort,1,2019,2022,luguentz_dort,luguentz_dort,1610612760,Oklahoma City,Thunder,OKC,thunder,thunder,Y,01
1096,1630245,"Dosunmu, Ayo",Ayo Dosunmu,1,2021,2022,ayo_dosunmu,ayo_dosunmu,1610612741,Chicago,Bulls,CHI,bulls,bulls,Y,00
1116,201609,"Dragic, Goran",Goran Dragic,1,2008,2022,goran_dragic,goran_dragic,1610612751,Brooklyn,Nets,BKN,nets,nets,Y,00
1128,203083,"Drummond, Andre",Andre Drummond,1,2012,2022,andre_drummond,andre_drummond,1610612751,Brooklyn,Nets,BKN,nets,nets,Y,00
1130,1630537,"Duarte, Chris",Chris Duarte,1,2021,2022,chris_duarte,chris_duarte,1610612754,Indiana,Pacers,IND,pacers,pacers,Y,00
1141,1630561,"Duke Jr., David",David Duke Jr.,1,2021,2022,david_duke_jr,david_duke_jr,1610612751,Brooklyn,Nets,BKN,nets,nets,Y,11
1154,201142,"Durant, Kevin",Kevin Durant,1,2007,2022,kevin_durant,kevin_durant,1610612751,Brooklyn,Nets,BKN,nets,nets,Y,00
1185,1630162,"Edwards, Anthony",Anthony Edwards,1,2020,2022,anthony_edwards,anthony_edwards,1610612750,Minnesota,Timberwolves,MIN,timberwolves,timberwolves,Y,00
1188,1629035,"Edwards, Carsen",Carsen Edwards,1,2019,2021,carsen_edwards,carsen_edwards,1610612765,Detroit,Pistons,DET,pistons,pistons,Y,11
1195,1630556,"Edwards, Kessler",Kessler Edwards,1,2021,2022,kessler_edwards,kessler_edwards,1610612751,Brooklyn,Nets,BKN,nets,nets,Y,00
1210,1629604,"Elleby, CJ",CJ Elleby,1,2020,2022,cj_elleby,cj_elleby,1610612757,Portland,Trail Blazers,POR,blazers,blazers,Y,00
1213,201961,"Ellington, Wayne",Wayne Ellington,1,2009,2022,wayne_ellington,wayne_ellington,1610612747,Los Angeles,Lakers,LAL,lakers,lakers,Y,00
1231,203954,"Embiid, Joel",Joel Embiid,1,2014,2022,joel_embiid,joel_embiid,1610612755,Philadelphia,76ers,PHI,sixers,sixers,Y,00
1286,202324,"Favors, Derrick",Derrick Favors,1,2010,2022,derrick_favors,derrick_favors,1610612760,Oklahoma City,Thunder,OKC,thunder,thunder,Y,00
1306,1628981,"Fernando, Bruno",Bruno Fernando,1,2019,2022,bruno_fernando,bruno_fernando,1610612745,Houston,Rockets,HOU,rockets,rockets,Y,11
1323,1627827,"Finney-Smith, Dorian",Dorian Finney-Smith,1,2016,2022,dorian_finney-smith,dorian_finney-smith,1610612742,Dallas,Mavericks,DAL,mavericks,mavericks,Y,00
1327,1630238,"Fitts, Malik",Malik Fitts,1,2020,2021,malik_fitts,malik_fitts,1610612738,Boston,Celtics,BOS,celtics,celtics,Y,11
1339,1630201,"Flynn, Malachi",Malachi Flynn,1,2020,2022,malachi_flynn,malachi_flynn,1610612761,Toronto,Raptors,TOR,raptors,raptors,Y,11
1347,1627854,"Forbes, Bryn",Bryn Forbes,1,2016,2022,bryn_forbes,bryn_forbes,1610612743,Denver,Nuggets,DEN,nuggets,nuggets,Y,01
1361,1630235,"Forrest, Trent",Trent Forrest,1,2020,2022,trent_forrest,trent_forrest,1610612762,Utah,Jazz,UTA,jazz,jazz,Y,00
1371,203095,"Fournier, Evan",Evan Fournier,1,2012,2022,evan_fournier,evan_fournier,1610612752,New York,Knicks,NYK,knicks,knicks,Y,00
1375,1628368,"Fox, De'Aaron",De'Aaron Fox,1,2017,2022,de'aaron_fox,deaaron_fox,1610612758,Sacramento,Kings,SAC,kings,kings,Y,00
1391,1628982,"Frazier Jr., Melvin",Melvin Frazier Jr.,1,2018,2021,melvin_frazier_jr,melvin_frazier_jr,1610612760,Oklahoma City,Thunder,OKC,thunder,thunder,Y,11
1414,1628365,"Fultz, Markelle",Markelle Fultz,1,2017,2022,markelle_fultz,markelle_fultz,1610612753,Orlando,Magic,ORL,magic,magic,Y,00
1418,1629117,"Gabriel, Wenyen",Wenyen Gabriel,1,2018,2022,wenyen_gabriel,wenyen_gabriel,1610612747,Los Angeles,Lakers,LAL,lakers,lakers,Y,11
1421,1629655,"Gafford, Daniel",Daniel Gafford,1,2019,2022,daniel_gafford,daniel_gafford,1610612764,Washington,Wizards,WAS,wizards,wizards,Y,01
1430,201568,"Gallinari, Danilo",Danilo Gallinari,1,2008,2022,danilo_gallinari,danilo_gallinari,1610612737,Atlanta,Hawks,ATL,hawks,hawks,Y,00
1444,1629636,"Garland, Darius",Darius Garland,1,2019,2022,darius_garland,darius_garland,1610612739,Cleveland,Cavaliers,CLE,cavaliers,cavaliers,Y,00
1463,1630586,"Garuba, Usman",Usman Garuba,1,2021,2022,usman_garuba,usman_garuba,1610612745,Houston,Rockets,HOU,rockets,rockets,Y,11
1465,1630568,"Garza, Luka",Luka Garza,1,2021,2022,luka_garza,luka_garza,1610612765,Detroit,Pistons,DET,pistons,pistons,Y,11
1471,200752,"Gay, Rudy",Rudy Gay,1,2006,2022,rudy_gay,rudy_gay,1610612762,Utah,Jazz,UTA,jazz,jazz,Y,00
1481,202331,"George, Paul",Paul George,1,2010,2022,paul_george,paul_george,1610612746,LA,Clippers,LAC,clippers,clippers,Y,00
1495,201959,"Gibson, Taj",Taj Gibson,1,2009,2022,taj_gibson,taj_gibson,1610612752,New York,Knicks,NYK,knicks,knicks,Y,00
1498,1630581,"Giddey, Josh",Josh Giddey,1,2021,2022,josh_giddey,josh_giddey,1610612760,Oklahoma City,Thunder,OKC,thunder,thunder,Y,00
1501,1628983,"Gilgeous-Alexander, Shai",Shai Gilgeous-Alexander,1,2018,2022,shai_gilgeous-alexander,shai_gilgeous-alexander,1610612760,Oklahoma City,Thunder,OKC,thunder,thunder,Y,00
1502,1630264,"Gill, Anthony",Anthony Gill,1,2020,2022,anthony_gill,anthony_gill,1610612764,Washington,Wizards,WAS,wizards,wizards,Y,00
1527,203497,"Gobert, Rudy",Rudy Gobert,1,2013,2022,rudy_gobert,rudy_gobert,1610612762,Utah,Jazz,UTA,jazz,jazz,Y,01
1539,1629164,"Goodwin, Brandon",Brandon Goodwin,1,2018,2021,brandon_goodwin,brandon_goodwin,1610612739,Cleveland,Cavaliers,CLE,cavaliers,cavaliers,Y,11
1542,203932,"Gordon, Aaron",Aaron Gordon,1,2014,2022,aaron_gordon,aaron_gordon,1610612743,Denver,Nuggets,DEN,nuggets,nuggets,Y,00
1545,201569,"Gordon, Eric",Eric Gordon,1,2008,2022,eric_gordon,eric_gordon,1610612745,Houston,Rockets,HOU,rockets,rockets,Y,00
1555,1628984,"Graham, Devonte'",Devonte' Graham,1,2018,2022,devonte_graham,devonte_graham,1610612740,New Orleans,Pelicans,NOP,pelicans,pelicans,Y,01
1573,203924,"Grant, Jerami",Jerami Grant,1,2014,2022,jerami_grant,jerami_grant,1610612765,Detroit,Pistons,DET,pistons,pistons,Y,00
1596,201980,"Green, Danny",Danny Green,1,2009,2022,danny_green,danny_green,1610612755,Philadelphia,76ers,PHI,sixers,sixers,Y,01
1598,203110,"Green, Draymond",Draymond Green,1,2012,2022,draymond_green,draymond_green,1610612744,Golden State,Warriors,GSW,warriors,warriors,Y,00
1601,203210,"Green, JaMychal",JaMychal Green,1,2014,2022,jamychal_green,jamychal_green,1610612743,Denver,Nuggets,DEN,nuggets,nuggets,Y,01
1602,1630224,"Green, Jalen",Jalen Green,1,2021,2022,jalen_green,jalen_green,1610612745,Houston,Rockets,HOU,rockets,rockets,Y,01
1603,1629750,"Green, Javonte",Javonte Green,1,2019,2022,javonte_green,javonte_green,1610612741,Chicago,Bulls,CHI,bulls,bulls,Y,00
1604,201145,"Green, Jeff",Jeff Green,1,2007,2022,jeff_green,jeff_green,1610612743,Denver,Nuggets,DEN,nuggets,nuggets,Y,00
1606,1630182,"Green, Josh",Josh Green,1,2020,2022,josh_green,josh_green,1610612742,Dallas,Mavericks,DAL,mavericks,mavericks,Y,01
1634,201933,"Griffin, Blake",Blake Griffin,1,2009,2022,blake_griffin,blake_griffin,1610612751,Brooklyn,Nets,BKN,nets,nets,Y,00
1641,1629656,"Grimes, Quentin",Quentin Grimes,1,2021,2022,quentin_grimes,quentin_grimes,1610612752,New York,Knicks,NYK,knicks,knicks,Y,00
1667,1629060,"Hachimura, Rui",Rui Hachimura,1,2019,2022,rui_hachimura,rui_hachimura,1610612764,Washington,Wizards,WAS,wizards,wizards,Y,00
1685,1630169,"Haliburton, Tyrese",Tyrese Haliburton,1,2020,2022,tyrese_haliburton,tyrese_haliburton,1610612754,Indiana,Pacers,IND,pacers,pacers,Y,00
1711,1630181,"Hampton, R.J.",R.J. Hampton,1,2020,2022,rj_hampton,rj_hampton,1610612753,Orlando,Magic,ORL,magic,magic,Y,00
1731,203501,"Hardaway Jr., Tim",Tim Hardaway Jr.,1,2013,2022,tim_hardaway_jr,tim_hardaway_jr,1610612742,Dallas,Mavericks,DAL,mavericks,mavericks,Y,01
1732,201935,"Harden, James",James Harden,1,2009,2022,james_harden,james_harden,1610612755,Philadelphia,76ers,PHI,sixers,sixers,Y,00
1739,203090,"Harkless, Maurice",Maurice Harkless,1,2012,2022,maurice_harkless,maurice_harkless,1610612758,Sacramento,Kings,SAC,kings,kings,Y,00
1744,1629607,"Harper, Jared",Jared Harper,1,2019,2022,jared_harper,jared_harper,1610612740,New Orleans,Pelicans,NOP,pelicans,pelicans,Y,11
1750,1626149,"Harrell, Montrezl",Montrezl Harrell,1,2015,2022,montrezl_harrell,montrezl_harrell,1610612766,Charlotte,Hornets,CHA,hornets,hornets,Y,01
1762,203914,"Harris, Gary",Gary Harris,1,2014,2022,gary_harris,gary_harris,1610612753,Orlando,Magic,ORL,magic,magic,Y,00
1764,203925,"Harris, Joe",Joe Harris,1,2014,2022,joe_harris,joe_harris,1610612751,Brooklyn,Nets,BKN,nets,nets,Y,01
1771,202699,"Harris, Tobias",Tobias Harris,1,2011,2022,tobias_harris,tobias_harris,1610612755,Philadelphia,76ers,PHI,sixers,sixers,Y,00
1779,1628404,"Hart, Josh",Josh Hart,1,2017,2022,josh_hart,josh_hart,1610612757,Portland,Trail Blazers,POR,blazers,blazers,Y,01
1780,1628392,"Hartenstein, Isaiah",Isaiah Hartenstein,1,2018,2022,isaiah_hartenstein,isaiah_hartenstein,1610612746,LA,Clippers,LAC,clippers,clippers,Y,01
1786,2617,"Haslem, Udonis",Udonis Haslem,1,2003,2022,udonis_haslem,udonis_haslem,1610612748,Miami,Heat,MIA,heat,heat,Y,00
1793,1630573,"Hauser, Sam",Sam Hauser,1,2021,2022,sam_hauser,sam_hauser,1610612738,Boston,Celtics,BOS,celtics,celtics,Y,11
1808,1629637,"Hayes, Jaxson",Jaxson Hayes,1,2019,2022,jaxson_hayes,jaxson_hayes,1610612740,New Orleans,Pelicans,NOP,pelicans,pelicans,Y,00
1809,1630165,"Hayes, Killian",Killian Hayes,1,2020,2022,killian_hayes,killian_hayes,1610612765,Detroit,Pistons,DET,pistons,pistons,Y,00
1812,202330,"Hayward, Gordon",Gordon Hayward,1,2010,2022,gordon_hayward,gordon_hayward,1610612766,Charlotte,Hornets,CHA,hornets,hornets,Y,00
1853,1627823,"Hernangomez, Juancho",Juancho Hernangomez,1,2016,2022,juan_hernangomez,juancho_hernangomez,1610612762,Utah,Jazz,UTA,jazz,jazz,Y,01
1854,1626195,"Hernangomez, Willy",Willy Hernangomez,1,2016,2022,willy_hernangomez,willy_hernangomez,1610612740,New Orleans,Pelicans,NOP,pelicans,pelicans,Y,00
1858,1629639,"Herro, Tyler",Tyler Herro,1,2019,2022,tyler_herro,tyler_herro,1610612748,Miami,Heat,MIA,heat,heat,Y,00
1872,1627741,"Hield, Buddy",Buddy Hield,1,2016,2022,buddy_hield,buddy_hield,1610612754,Indiana,Pacers,IND,pacers,pacers,Y,00
1879,1629312,"Highsmith, Haywood",Haywood Highsmith,1,2018,2022,haywood_highsmith,haywood_highsmith,1610612748,Miami,Heat,MIA,heat,heat,Y,11
1885,201588,"Hill, George",George Hill,1,2008,2022,george_hill,george_hill,1610612749,Milwaukee,Bucks,MIL,bucks,bucks,Y,00
1889,1630792,"Hill, Malcolm",Malcolm Hill,1,2021,2022,malcolm_hill,malcolm_hill,1610612741,Chicago,Bulls,CHI,bulls,bulls,Y,11
1899,1630207,"Hinton, Nate",Nate Hinton,1,2020,2021,nate_hinton,nate_hinton,1610612754,Indiana,Pacers,IND,pacers,pacers,Y,11
1915,1628988,"Holiday, Aaron",Aaron Holiday,1,2018,2022,aaron_holiday,aaron_holiday,1610612756,Phoenix,Suns,PHX,suns,suns,Y,00
1916,201950,"Holiday, Jrue",Jrue Holiday,1,2009,2022,jrue_holiday,jrue_holiday,1610612749,Milwaukee,Bucks,MIL,bucks,bucks,Y,00
1917,203200,"Holiday, Justin",Justin Holiday,1,2012,2022,justin_holiday,justin_holiday,1610612758,Sacramento,Kings,SAC,kings,kings,Y,01
1926,1626158,"Holmes, Richaun",Richaun Holmes,1,2015,2022,richaun_holmes,richaun_holmes,1610612758,Sacramento,Kings,SAC,kings,kings,Y,01
1938,203918,"Hood, Rodney",Rodney Hood,1,2014,2022,rodney_hood,rodney_hood,1610612746,LA,Clippers,LAC,clippers,clippers,Y,00
1946,201143,"Horford, Al",Al Horford,1,2007,2022,al_horford,al_horford,1610612738,Boston,Celtics,BOS,celtics,celtics,Y,00
1953,1629659,"Horton-Tucker, Talen",Talen Horton-Tucker,1,2019,2022,talen_horton-tucker,talen_horton-tucker,1610612747,Los Angeles,Lakers,LAL,lakers,lakers,Y,01
1957,1627863,"House Jr., Danuel",Danuel House Jr.,1,2016,2022,danuel_house,danuel_house_jr,1610612762,Utah,Jazz,UTA,jazz,jazz,Y,01
1963,2730,"Howard, Dwight",Dwight Howard,1,2004,2022,dwight_howard,dwight_howard,1610612747,Los Angeles,Lakers,LAL,lakers,lakers,Y,00
1967,1630210,"Howard, Markus",Markus Howard,1,2020,2021,markus_howard,markus_howard,1610612743,Denver,Nuggets,DEN,nuggets,nuggets,Y,11
1980,1628989,"Huerter, Kevin",Kevin Huerter,1,2018,2022,kevin_huerter,kevin_huerter,1610612737,Atlanta,Hawks,ATL,hawks,hawks,Y,00
1986,1630190,"Hughes, Elijah",Elijah Hughes,1,2020,2022,elijah_hughes,elijah_hughes,1610612757,Portland,Trail Blazers,POR,blazers,blazers,Y,01
1997,1630624,"Hunt, Feron",Feron Hunt,1,2021,2022,feron_hunt,feron_hunt,1610612752,New York,Knicks,NYK,knicks,knicks,Y,11
2001,1629631,"Hunter, De'Andre",De'Andre Hunter,1,2019,2022,deandre_hunter,deandre_hunter,1610612737,Atlanta,Hawks,ATL,hawks,hawks,Y,00
2016,1630538,"Hyland, Bones",Bones Hyland,1,2021,2022,nahshon_hyland,bones_hyland,1610612743,Denver,Nuggets,DEN,nuggets,nuggets,Y,00
2018,201586,"Ibaka, Serge",Serge Ibaka,1,2009,2022,serge_ibaka,serge_ibaka,1610612749,Milwaukee,Bucks,MIL,bucks,bucks,Y,00
2019,2738,"Iguodala, Andre",Andre Iguodala,1,2004,2022,andre_iguodala,andre_iguodala,1610612744,Golden State,Warriors,GSW,warriors,warriors,Y,00
2025,204060,"Ingles, Joe",Joe Ingles,1,2014,2022,joe_ingles,joe_ingles,1610612757,Portland,Trail Blazers,POR,blazers,blazers,Y,00
2028,1627742,"Ingram, Brandon",Brandon Ingram,1,2016,2022,brandon_ingram,brandon_ingram,1610612740,New Orleans,Pelicans,NOP,pelicans,pelicans,Y,00
2031,202681,"Irving, Kyrie",Kyrie Irving,1,2011,2022,kyrie_irving,kyrie_irving,1610612751,Brooklyn,Nets,BKN,nets,nets,Y,00
2032,1628371,"Isaac, Jonathan",Jonathan Isaac,1,2017,2022,jonathan_isaac,jonathan_isaac,1610612753,Orlando,Magic,ORL,magic,magic,Y,01
2046,1628402,"Jackson, Frank",Frank Jackson,1,2017,2022,frank_jackson,frank_jackson,1610612765,Detroit,Pistons,DET,pistons,pistons,Y,01
2048,1630543,"Jackson, Isaiah",Isaiah Jackson,1,2021,2022,tmp_isaiah_jackson,isaiah_jackson,1610612754,Indiana,Pacers,IND,pacers,pacers,Y,11
2052,1628367,"Jackson, Josh",Josh Jackson,1,2017,2022,josh_jackson,josh_jackson,1610612758,Sacramento,Kings,SAC,kings,kings,Y,01
2065,202704,"Jackson, Reggie",Reggie Jackson,1,2011,2022,reggie_jackson,reggie_jackson,1610612746,LA,Clippers,LAC,clippers,clippers,Y,01
2071,1628991,"Jackson Jr., Jaren",Jaren Jackson Jr.,1,2018,2022,jaren_jackson_jr,jaren_jackson_jr,1610612763,Memphis,Grizzlies,MEM,grizzlies,grizzlies,Y,00
2083,2544,"James, LeBron",LeBron James,1,2003,2022,lebron_james,lebron_james,1610612747,Los Angeles,Lakers,LAL,lakers,lakers,Y,00
2115,1629660,"Jerome, Ty",Ty Jerome,1,2019,2022,ty_jerome,ty_jerome,1610612760,Oklahoma City,Thunder,OKC,thunder,thunder,Y,01
2119,1630198,"Joe, Isaiah",Isaiah Joe,1,2020,2022,isaiah_joe,isaiah_joe,1610612755,Philadelphia,76ers,PHI,sixers,sixers,Y,01
2132,1629661,"Johnson, Cameron",Cameron Johnson,1,2019,2022,cameron_johnson,cameron_johnson,1610612756,Phoenix,Suns,PHX,suns,suns,Y,00
2143,1630525,"Johnson, David",David Johnson,1,2021,2022,david_johnson,david_johnson,1610612761,Toronto,Raptors,TOR,raptors,raptors,Y,11
2159,1630552,"Johnson, Jalen",Jalen Johnson,1,2021,2022,jalen_johnson,jalen_johnson,1610612737,Atlanta,Hawks,ATL,hawks,hawks,Y,11
2164,1629640,"Johnson, Keldon",Keldon Johnson,1,2019,2022,keldon_johnson,keldon_johnson,1610612759,San Antonio,Spurs,SAS,spurs,spurs,Y,01
2167,1630553,"Johnson, Keon",Keon Johnson,1,2021,2022,keon_johnson,keon_johnson,1610612757,Portland,Trail Blazers,POR,blazers,blazers,Y,11
2185,1626169,"Johnson, Stanley",Stanley Johnson,1,2015,2022,stanley_johnson,stanley_johnson,1610612747,Los Angeles,Lakers,LAL,lakers,lakers,Y,01
2196,203999,"Jokic, Nikola",Nikola Jokic,1,2015,2022,nikola_jokic,nikola_jokic,1610612743,Denver,Nuggets,DEN,nuggets,nuggets,Y,00
2210,1627745,"Jones, Damian",Damian Jones,1,2016,2022,damian_jones,damian_jones,1610612758,Sacramento,Kings,SAC,kings,kings,Y,01
2221,1630529,"Jones, Herbert",Herbert Jones,1,2021,2022,herbert_jones,herbert_jones,1610612740,New Orleans,Pelicans,NOP,pelicans,pelicans,Y,00
2230,1630539,"Jones, Kai",Kai Jones,1,2021,2022,kai_jones,kai_jones,1610612766,Charlotte,Hornets,CHA,hornets,hornets,Y,11
2236,1630222,"Jones, Mason",Mason Jones,1,2020,2021,mason_jones,mason_jones,1610612747,Los Angeles,Lakers,LAL,lakers,lakers,Y,11
2247,1630200,"Jones, Tre",Tre Jones,1,2020,2022,tre_jones,tre_jones,1610612759,San Antonio,Spurs,SAS,spurs,spurs,Y,01
2248,1626145,"Jones, Tyus",Tyus Jones,1,2015,2022,tyus_jones,tyus_jones,1610612763,Memphis,Grizzlies,MEM,grizzlies,grizzlies,Y,01
2255,1627884,"Jones Jr., Derrick",Derrick Jones Jr.,1,2016,2022,derrick_jones_jr,derrick_jones_jr,1610612741,Chicago,Bulls,CHI,bulls,bulls,Y,01
2257,201599,"Jordan, DeAndre",DeAndre Jordan,1,2008,2022,deandre_jordan,deandre_jordan,1610612755,Philadelphia,76ers,PHI,sixers,sixers,Y,00
2268,202709,"Joseph, Cory",Cory Joseph,1,2011,2022,cory_joseph,cory_joseph,1610612765,Detroit,Pistons,DET,pistons,pistons,Y,01
2312,1628379,"Kennard, Luke",Luke Kennard,1,2017,2022,luke_kennard,luke_kennard,1610612746,LA,Clippers,LAC,clippers,clippers,Y,01
2327,1630296,"Key, Braxton",Braxton Key,1,2021,2022,braxton_key,braxton_key,1610612765,Detroit,Pistons,DET,pistons,pistons,Y,11
2364,1630557,"Kispert, Corey",Corey Kispert,1,2021,2022,corey_kispert,corey_kispert,1610612764,Washington,Wizards,WAS,wizards,wizards,Y,00
2369,1628467,"Kleber, Maxi",Maxi Kleber,1,2017,2022,maxi_kleber,maxi_kleber,1610612742,Dallas,Mavericks,DAL,mavericks,mavericks,Y,00
2380,1630233,"Knight, Nathan",Nathan Knight,1,2020,2022,nathan_knight,nathan_knight,1610612750,Minnesota,Timberwolves,MIN,timberwolves,timberwolves,Y,11
2388,1628995,"Knox II, Kevin",Kevin Knox II,1,2018,2022,kevin_knox,kevin_knox_ii,1610612737,Atlanta,Hawks,ATL,hawks,hawks,Y,00
2395,1629723,"Konchar, John",John Konchar,1,2019,2022,john_konchar,john_konchar,1610612763,Memphis,Grizzlies,MEM,grizzlies,grizzlies,Y,01
2398,1627788,"Korkmaz, Furkan",Furkan Korkmaz,1,2017,2022,furkan_korkmaz,furkan_korkmaz,1610612755,Philadelphia,76ers,PHI,sixers,sixers,Y,01
2400,1628436,"Kornet, Luke",Luke Kornet,1,2017,2022,luke_kornet,luke_kornet,1610612738,Boston,Celtics,BOS,celtics,celtics,Y,11
2415,1630249,"Krejci, Vit",Vit Krejci,1,2021,2022,vit_krejci,vit_krejci,1610612760,Oklahoma City,Thunder,OKC,thunder,thunder,Y,11
2429,1629083,"Kulboka, Arnoldas",Arnoldas Kulboka,1,2021,2022,arnoldas_kulboka,arnoldas_kulboka,1610612766,Charlotte,Hornets,CHA,hornets,hornets,Y,11
2430,1630228,"Kuminga, Jonathan",Jonathan Kuminga,1,2021,2022,jonathan_kuminga,jonathan_kuminga,1610612744,Golden State,Warriors,GSW,warriors,warriors,Y,11
2437,1628398,"Kuzma, Kyle",Kyle Kuzma,1,2017,2022,kyle_kuzma,kyle_kuzma,1610612764,Washington,Wizards,WAS,wizards,wizards,Y,00
2446,203897,"LaVine, Zach",Zach LaVine,1,2014,2022,zach_lavine,zach_lavine,1610612741,Chicago,Bulls,CHI,bulls,bulls,Y,00
2454,1630237,"Lamb, Anthony",Anthony Lamb,1,2020,2022,anthony_lamb,anthony_lamb,1610612745,Houston,Rockets,HOU,rockets,rockets,Y,11
2456,203087,"Lamb, Jeremy",Jeremy Lamb,1,2012,2022,jeremy_lamb,jeremy_lamb,1610612758,Sacramento,Kings,SAC,kings,kings,Y,01
2462,1629111,"Landale, Jock",Jock Landale,1,2021,2022,jock_landale,jock_landale,1610612759,San Antonio,Spurs,SAS,spurs,spurs,Y,00
2472,1629641,"Langford, Romeo",Romeo Langford,1,2019,2022,romeo_langford,romeo_langford,1610612759,San Antonio,Spurs,SAS,spurs,spurs,Y,01
2495,1627774,"Layman, Jake",Jake Layman,1,2016,2022,jake_layman,jake_layman,1610612750,Minnesota,Timberwolves,MIN,timberwolves,timberwolves,Y,01
2497,1627747,"LeVert, Caris",Caris LeVert,1,2016,2022,caris_levert,caris_levert,1610612739,Cleveland,Cavaliers,CLE,cavaliers,cavaliers,Y,00
2509,1627814,"Lee, Damion",Damion Lee,1,2017,2022,damion_lee,damion_lee,1610612744,Golden State,Warriors,GSW,warriors,warriors,Y,01
2520,1630240,"Lee, Saben",Saben Lee,1,2020,2022,saban_lee,saben_lee,1610612765,Detroit,Pistons,DET,pistons,pistons,Y,11
2526,203458,"Len, Alex",Alex Len,1,2013,2022,alex_len,alex_len,1610612758,Sacramento,Kings,SAC,kings,kings,Y,00
2530,202695,"Leonard, Kawhi",Kawhi Leonard,1,2011,2022,kawhi_leonard,kawhi_leonard,1610612746,LA,Clippers,LAC,clippers,clippers,Y,00
2551,1630575,"Lewis, Scottie",Scottie Lewis,1,2021,2022,tmp_scottie_lewis,scottie_lewis,1610612766,Charlotte,Hornets,CHA,hornets,hornets,Y,11
2552,1630184,"Lewis Jr., Kira",Kira Lewis Jr.,1,2020,2022,kira_lewis_jr,kira_lewis_jr,1610612740,New Orleans,Pelicans,NOP,pelicans,pelicans,Y,00
2558,203081,"Lillard, Damian",Damian Lillard,1,2012,2022,damian_lillard,damian_lillard,1610612757,Portland,Trail Blazers,POR,blazers,blazers,Y,00
2562,1629642,"Little, Nassir",Nassir Little,1,2019,2022,nassir_little,nassir_little,1610612757,Portland,Trail Blazers,POR,blazers,blazers,Y,00
2563,1630587,"Livers, Isaiah",Isaiah Livers,1,2021,2022,isaiah_livers,isaiah_livers,1610612765,Detroit,Pistons,DET,pistons,pistons,Y,11
2587,1626172,"Looney, Kevon",Kevon Looney,1,2015,2022,kevon_looney,kevon_looney,1610612744,Golden State,Warriors,GSW,warriors,warriors,Y,01
2588,201572,"Lopez, Brook",Brook Lopez,1,2008,2022,brook_lopez,brook_lopez,1610612749,Milwaukee,Bucks,MIL,bucks,bucks,Y,00
2591,201577,"Lopez, Robin",Robin Lopez,1,2008,2022,robin_lopez,robin_lopez,1610612753,Orlando,Magic,ORL,magic,magic,Y,00
2596,1629712,"Louzada, Didi",Didi Louzada,1,2020,2021,marcos_louzada_silva,didi_louzada,1610612757,Portland,Trail Blazers,POR,blazers,blazers,Y,11
2598,201567,"Love, Kevin",Kevin Love,1,2008,2022,kevin_love,kevin_love,1610612739,Cleveland,Cavaliers,CLE,cavaliers,cavaliers,Y,00
2603,200768,"Lowry, Kyle",Kyle Lowry,1,2006,2022,kyle_lowry,kyle_lowry,1610612748,Miami,Heat,MIA,heat,heat,Y,00
2617,1630994,"Lundberg, Gabriel",Gabriel Lundberg,1,2021,2022,gabriel_lundberg,gabriel_lundberg,1610612756,Phoenix,Suns,PHX,suns,suns,Y,00
2618,1627789,"Luwawu-Cabarrot, Timothe",Timothe Luwawu-Cabarrot,1,2016,2022,timothe_luwawu-cabarrot,timothe_luwawu-cabarrot,1610612737,Atlanta,Hawks,ATL,hawks,hawks,Y,01
2620,1626168,"Lyles, Trey",Trey Lyles,1,2015,2022,trey_lyles,trey_lyles,1610612758,Sacramento,Kings,SAC,kings,kings,Y,00
2662,1630177,"Maledon, Theo",Theo Maledon,1,2020,2022,theo_maledon,theo_maledon,1610612760,Oklahoma City,Thunder,OKC,thunder,thunder,Y,11
2668,1630572,"Mamukelashvili, Sandro",Sandro Mamukelashvili,1,2021,2022,sandro_mamukelashvili,sandro_mamukelashvili,1610612749,Milwaukee,Bucks,MIL,bucks,bucks,Y,11
2674,1629611,"Mann, Terance",Terance Mann,1,2019,2022,terance_mann,terance_mann,1610612746,LA,Clippers,LAC,clippers,clippers,Y,01
2675,1630544,"Mann, Tre",Tre Mann,1,2021,2022,tre_mann,tre_mann,1610612760,Oklahoma City,Thunder,OKC,thunder,thunder,Y,00
2691,1626246,"Marjanovic, Boban",Boban Marjanovic,1,2015,2022,boban_marjanovic,boban_marjanovic,1610612742,Dallas,Mavericks,DAL,mavericks,mavericks,Y,01
2692,1628374,"Markkanen, Lauri",Lauri Markkanen,1,2017,2022,lauri_markkanen,lauri_markkanen,1610612739,Cleveland,Cavaliers,CLE,cavaliers,cavaliers,Y,00
2701,1630230,"Marshall, Naji",Naji Marshall,1,2020,2022,naji_marshall,naji_marshall,1610612740,New Orleans,Pelicans,NOP,pelicans,pelicans,Y,11
2708,1628997,"Martin, Caleb",Caleb Martin,1,2019,2022,caleb_martin,caleb_martin,1610612748,Miami,Heat,MIA,heat,heat,Y,01
2710,1628998,"Martin, Cody",Cody Martin,1,2019,2022,cody_martin,cody_martin,1610612766,Charlotte,Hornets,CHA,hornets,hornets,Y,01
2728,1630231,"Martin Jr., Kenyon",Kenyon Martin Jr.,1,2020,2022,kenyon_martin_jr,kenyon_martin_jr,1610612745,Houston,Rockets,HOU,rockets,rockets,Y,01
2738,1629726,"Mathews, Garrison",Garrison Mathews,1,2019,2022,garrison_mathews,garrison_mathews,1610612745,Houston,Rockets,HOU,rockets,rockets,Y,01
2744,202083,"Matthews, Wesley",Wesley Matthews,1,2009,2022,wesley_matthews,wesley_matthews,1610612749,Milwaukee,Bucks,MIL,bucks,bucks,Y,00
2747,1630178,"Maxey, Tyrese",Tyrese Maxey,1,2020,2022,tyrese_maxey,tyrese_maxey,1610612755,Philadelphia,76ers,PHI,sixers,sixers,Y,00
2761,1630219,"Mays, Skylar",Skylar Mays,1,2020,2022,skylar_mays,skylar_mays,1610612737,Atlanta,Hawks,ATL,hawks,hawks,Y,11
2769,1630540,"McBride, Miles",Miles McBride,1,2021,2022,miles_mcbride,miles_mcbride,1610612752,New York,Knicks,NYK,knicks,knicks,Y,11
2790,1630644,"McClung, Mac",Mac McClung,1,2021,2022,mac_mcclung,mac_mcclung,1610612747,Los Angeles,Lakers,LAL,lakers,lakers,Y,11
2791,203468,"McCollum, CJ",CJ McCollum,1,2013,2022,cj_mccollum,cj_mccollum,1610612740,New Orleans,Pelicans,NOP,pelicans,pelicans,Y,01
2794,204456,"McConnell, T.J.",T.J. McConnell,1,2015,2022,t.j._mcconnell,tj_mcconnell,1610612754,Indiana,Pacers,IND,pacers,pacers,Y,00
2808,1630183,"McDaniels, Jaden",Jaden McDaniels,1,2020,2022,jaden_mcdaniels,jaden_mcdaniels,1610612750,Minnesota,Timberwolves,MIN,timberwolves,timberwolves,Y,00
2809,1629667,"McDaniels, Jalen",Jalen McDaniels,1,2019,2022,jalen_mcdaniels,jalen_mcdaniels,1610612766,Charlotte,Hornets,CHA,hornets,hornets,Y,01
2812,203926,"McDermott, Doug",Doug McDermott,1,2014,2022,doug_mcdermott,doug_mcdermott,1610612759,San Antonio,Spurs,SAS,spurs,spurs,Y,00
2823,201580,"McGee, JaVale",JaVale McGee,1,2008,2022,javale_mcgee,javale_mcgee,1610612756,Phoenix,Suns,PHX,suns,suns,Y,00
2832,203585,"McGruder, Rodney",Rodney McGruder,1,2016,2022,rodney_mcgruder,rodney_mcgruder,1610612765,Detroit,Pistons,DET,pistons,pistons,Y,01
2852,1629162,"McLaughlin, Jordan",Jordan McLaughlin,1,2019,2022,jordan_mclaughlin,jordan_mclaughlin,1610612750,Minnesota,Timberwolves,MIN,timberwolves,timberwolves,Y,01
2853,203463,"McLemore, Ben",Ben McLemore,1,2013,2022,ben_mclemore,ben_mclemore,1610612757,Portland,Trail Blazers,POR,blazers,blazers,Y,01
2893,1629001,"Melton, De'Anthony",De'Anthony Melton,1,2018,2022,deanthony_melton,deanthony_melton,1610612763,Memphis,Grizzlies,MEM,grizzlies,grizzlies,Y,01
2905,1629002,"Metu, Chimezie",Chimezie Metu,1,2018,2022,chimezie_metu,chimezie_metu,1610612758,Sacramento,Kings,SAC,kings,kings,Y,01
2911,203114,"Middleton, Khris",Khris Middleton,1,2012,2022,khris_middleton,khris_middleton,1610612749,Milwaukee,Bucks,MIL,bucks,bucks,Y,01
2946,201988,"Mills, Patty",Patty Mills,1,2009,2022,patty_mills,patty_mills,1610612751,Brooklyn,Nets,BKN,nets,nets,Y,01
2949,200794,"Millsap, Paul",Paul Millsap,1,2006,2022,paul_millsap,paul_millsap,1610612755,Philadelphia,76ers,PHI,sixers,sixers,Y,00
2950,1629003,"Milton, Shake",Shake Milton,1,2018,2022,shake_milton,shake_milton,1610612755,Philadelphia,76ers,PHI,sixers,sixers,Y,01
2961,1630558,"Mitchell, Davion",Davion Mitchell,1,2021,2022,davion_mitchell,davion_mitchell,1610612758,Sacramento,Kings,SAC,kings,kings,Y,00
2962,1628378,"Mitchell, Donovan",Donovan Mitchell,1,2017,2022,donovan_mitchell,donovan_mitchell,1610612762,Utah,Jazz,UTA,jazz,jazz,Y,00
2974,1630596,"Mobley, Evan",Evan Mobley,1,2021,2022,evan_mobley,evan_mobley,1610612739,Cleveland,Cavaliers,CLE,cavaliers,cavaliers,Y,00
2988,1628370,"Monk, Malik",Malik Monk,1,2017,2022,malik_monk,malik_monk,1610612747,Los Angeles,Lakers,LAL,lakers,lakers,Y,01
2990,202328,"Monroe, Greg",Greg Monroe,1,2010,2022,greg_monroe,greg_monroe,1610612750,Minnesota,Timberwolves,MIN,timberwolves,timberwolves,Y,11
2995,1630541,"Moody, Moses",Moses Moody,1,2021,2022,moses_moody,moses_moody,1610612744,Golden State,Warriors,GSW,warriors,warriors,Y,11
2997,1629875,"Moon, Xavier",Xavier Moon,1,2021,2022,xavier_moon,xavier_moon,1610612746,LA,Clippers,LAC,clippers,clippers,Y,11
3011,1629630,"Morant, Ja",Ja Morant,1,2019,2022,ja_morant,ja_morant,1610612763,Memphis,Grizzlies,MEM,grizzlies,grizzlies,Y,00
3015,1629752,"Morgan, Juwan",Juwan Morgan,1,2019,2021,juwan_morgan,juwan_morgan,1610612738,Boston,Celtics,BOS,celtics,celtics,Y,11
3023,202693,"Morris, Markieff",Markieff Morris,1,2011,2022,markieff_morris,markieff_morris,1610612748,Miami,Heat,MIA,heat,heat,Y,00
3025,1628420,"Morris, Monte",Monte Morris,1,2017,2022,monte_morris,monte_morris,1610612743,Denver,Nuggets,DEN,nuggets,nuggets,Y,01
3028,202694,"Morris Sr., Marcus",Marcus Morris Sr.,1,2011,2022,marcus_morris,marcus_morris_sr,1610612746,LA,Clippers,LAC,clippers,clippers,Y,01
3049,1628539,"Mulder, Mychal",Mychal Mulder,1,2019,2021,mychal_mulder,mychal_mulder,1610612748,Miami,Heat,MIA,heat,heat,Y,11
3072,1630530,"Murphy III, Trey",Trey Murphy III,1,2021,2022,trey_murphy_iii,trey_murphy_iii,1610612740,New Orleans,Pelicans,NOP,pelicans,pelicans,Y,11
3073,1627749,"Murray, Dejounte",Dejounte Murray,1,2016,2022,dejounte_murray,dejounte_murray,1610612759,San Antonio,Spurs,SAS,spurs,spurs,Y,01
3075,1627750,"Murray, Jamal",Jamal Murray,1,2016,2022,jamal_murray,jamal_murray,1610612743,Denver,Nuggets,DEN,nuggets,nuggets,Y,00
3083,203488,"Muscala, Mike",Mike Muscala,1,2013,2022,mike_muscala,mike_muscala,1610612760,Oklahoma City,Thunder,OKC,thunder,thunder,Y,01
3089,1629004,"Mykhailiuk, Svi",Svi Mykhailiuk,1,2018,2021,sviatoslav_mykhailiuk,svi_mykhailiuk,1610612761,Toronto,Raptors,TOR,raptors,raptors,Y,11
3102,1626204,"Nance Jr., Larry",Larry Nance Jr.,1,2015,2022,larry_nance_jr,larry_nance_jr,1610612740,New Orleans,Pelicans,NOP,pelicans,pelicans,Y,00
3131,1630612,"Nembhard Jr., RJ",RJ Nembhard Jr.,1,2021,2022,rj_nembhard_jr,rj_nembhard_jr,1610612739,Cleveland,Cavaliers,CLE,cavaliers,cavaliers,Y,11
3133,1630174,"Nesmith, Aaron",Aaron Nesmith,1,2020,2022,aaron_nesmith,aaron_nesmith,1610612738,Boston,Celtics,BOS,celtics,celtics,Y,11
3136,203526,"Neto, Raul",Raul Neto,1,2015,2022,raul_neto,raul_neto,1610612764,Washington,Wizards,WAS,wizards,wizards,Y,01
3147,1627777,"Niang, Georges",Georges Niang,1,2016,2022,georges_niang,georges_niang,1610612755,Philadelphia,76ers,PHI,sixers,sixers,Y,01
3157,1630227,"Nix, Daishen",Daishen Nix,1,2021,2022,daishen_nix,daishen_nix,1610612745,Houston,Rockets,HOU,rockets,rockets,Y,11
3160,1630192,"Nnaji, Zeke",Zeke Nnaji,1,2020,2022,zeke_nnaji,zeke_nnaji,1610612743,Denver,Nuggets,DEN,nuggets,nuggets,Y,00
3165,203457,"Noel, Nerlens",Nerlens Noel,1,2013,2022,nerlens_noel,nerlens_noel,1610612752,New York,Knicks,NYK,knicks,knicks,Y,00
3184,1629669,"Nowell, Jaylen",Jaylen Nowell,1,2019,2022,jaylen_nowell,jaylen_nowell,1610612750,Minnesota,Timberwolves,MIN,timberwolves,timberwolves,Y,01
3187,1628373,"Ntilikina, Frank",Frank Ntilikina,1,2017,2022,frank_ntilikina,frank_ntilikina,1610612742,Dallas,Mavericks,DAL,mavericks,mavericks,Y,00
3188,1629134,"Nunn, Kendrick",Kendrick Nunn,1,2018,2022,kendrick_nunn,kendrick_nunn,1610612747,Los Angeles,Lakers,LAL,lakers,lakers,Y,01
3190,203994,"Nurkic, Jusuf",Jusuf Nurkic,1,2014,2022,jusuf_nurkic,jusuf_nurkic,1610612757,Portland,Trail Blazers,POR,blazers,blazers,Y,00
3192,1628021,"Nwaba, David",David Nwaba,1,2016,2022,david_nwaba,david_nwaba,1610612745,Houston,Rockets,HOU,rockets,rockets,Y,01
3193,1629670,"Nwora, Jordan",Jordan Nwora,1,2020,2022,jordan_nwora,jordan_nwora,1610612749,Milwaukee,Bucks,MIL,bucks,bucks,Y,11
3212,1626220,"O'Neale, Royce",Royce O'Neale,1,2017,2022,royce_o'neale,royce_oneale,1610612762,Utah,Jazz,UTA,jazz,jazz,Y,01
3231,1629643,"Okeke, Chuma",Chuma Okeke,1,2020,2022,chuma_okeke,chuma_okeke,1610612753,Orlando,Magic,ORL,magic,magic,Y,00
3233,1629006,"Okogie, Josh",Josh Okogie,1,2018,2022,josh_okogie,josh_okogie,1610612750,Minnesota,Timberwolves,MIN,timberwolves,timberwolves,Y,00
3234,1630168,"Okongwu, Onyeka",Onyeka Okongwu,1,2020,2022,onyeka_okongwi,onyeka_okongwu,1610612737,Atlanta,Hawks,ATL,hawks,hawks,Y,00
3235,1630171,"Okoro, Isaac",Isaac Okoro,1,2020,2022,isaac_okoro,isaac_okoro,1610612739,Cleveland,Cavaliers,CLE,cavaliers,cavaliers,Y,00
3238,203506,"Oladipo, Victor",Victor Oladipo,1,2013,2022,victor_oladipo,victor_oladipo,1610612748,Miami,Heat,MIA,heat,heat,Y,00
3253,203482,"Olynyk, Kelly",Kelly Olynyk,1,2013,2022,kelly_olynyk,kelly_olynyk,1610612765,Detroit,Pistons,DET,pistons,pistons,Y,00
3264,1626224,"Osman, Cedi",Cedi Osman,1,2017,2022,cedi_osman,cedi_osman,1610612739,Cleveland,Cavaliers,CLE,cavaliers,cavaliers,Y,01
3271,1626162,"Oubre Jr., Kelly",Kelly Oubre Jr.,1,2015,2022,kelly_oubre_jr,kelly_oubre_jr,1610612766,Charlotte,Hornets,CHA,hornets,hornets,Y,00
3322,1629672,"Paschall, Eric",Eric Paschall,1,2019,2022,eric_paschall,eric_paschall,1610612762,Utah,Jazz,UTA,jazz,jazz,Y,00
3339,101108,"Paul, Chris",Chris Paul,1,2005,2022,chris_paul,chris_paul,1610612756,Phoenix,Suns,PHX,suns,suns,Y,00
3349,1626166,"Payne, Cameron",Cameron Payne,1,2015,2022,cameron_payne,cameron_payne,1610612756,Phoenix,Suns,PHX,suns,suns,Y,01
3352,203901,"Payton, Elfrid",Elfrid Payton,1,2014,2022,elfrid_payton,elfrid_payton,1610612756,Phoenix,Suns,PHX,suns,suns,Y,00
3355,1627780,"Payton II, Gary",Gary Payton II,1,2016,2022,gary_payton_ii,gary_payton_ii,1610612744,Golden State,Warriors,GSW,warriors,warriors,Y,01
3405,1630691,"Pickett, Jamorko",Jamorko Pickett,1,2021,2022,jamorko_pickett,jamorko_pickett,1610612765,Detroit,Pistons,DET,pistons,pistons,Y,11
3414,1629033,"Pinson, Theo",Theo Pinson,1,2018,2022,theo_pinson,theo_pinson,1610612742,Dallas,Mavericks,DAL,mavericks,mavericks,Y,11
3425,203486,"Plumlee, Mason",Mason Plumlee,1,2013,2022,mason_plumlee,mason_plumlee,1610612766,Charlotte,Hornets,CHA,hornets,hornets,Y,00
3429,1627751,"Poeltl, Jakob",Jakob Poeltl,1,2016,2022,jakob_poeltl,jakob_poeltl,1610612759,San Antonio,Spurs,SAS,spurs,spurs,Y,01
3431,1630197,"Pokusevski, Aleksej",Aleksej Pokusevski,1,2020,2022,aleksej_pokusevski,aleksej_pokusevski,1610612760,Oklahoma City,Thunder,OKC,thunder,thunder,Y,11
3440,1630582,"Pons, Yves",Yves Pons,1,2021,2022,yves_pons,yves_pons,1610612763,Memphis,Grizzlies,MEM,grizzlies,grizzlies,Y,11
3441,1629673,"Poole, Jordan",Jordan Poole,1,2019,2022,jordan_poole,jordan_poole,1610612744,Golden State,Warriors,GSW,warriors,warriors,Y,01
3451,1629645,"Porter Jr., Kevin",Kevin Porter Jr.,1,2019,2022,kevin_porter_jr,kevin_porter_jr,1610612745,Houston,Rockets,HOU,rockets,rockets,Y,01
3452,1629008,"Porter Jr., Michael",Michael Porter Jr.,1,2018,2022,michael_porter_jr,michael_porter_jr,1610612743,Denver,Nuggets,DEN,nuggets,nuggets,Y,00
3453,203490,"Porter Jr., Otto",Otto Porter Jr.,1,2013,2022,otto_porter_jr,otto_porter_jr,1610612744,Golden State,Warriors,GSW,warriors,warriors,Y,00
3454,1626171,"Portis, Bobby",Bobby Portis,1,2015,2022,bobby_portis,bobby_portis,1610612749,Milwaukee,Bucks,MIL,bucks,bucks,Y,01
3456,204001,"Porzingis, Kristaps",Kristaps Porzingis,1,2015,2022,kristaps_porzingis,kristaps_porzingis,1610612764,Washington,Wizards,WAS,wizards,wizards,Y,00
3462,203939,"Powell, Dwight",Dwight Powell,1,2014,2022,dwight_powell,dwight_powell,1610612742,Dallas,Mavericks,DAL,mavericks,mavericks,Y,01
3465,1629619,"Powell, Myles",Myles Powell,1,2021,2021,myles_powell,myles_powell,1610612755,Philadelphia,76ers,PHI,sixers,sixers,Y,11
3466,1626181,"Powell, Norman",Norman Powell,1,2015,2022,norman_powell,norman_powell,1610612746,LA,Clippers,LAC,clippers,clippers,Y,01
3483,1630563,"Primo, Joshua",Joshua Primo,1,2021,2022,joshua_primo,joshua_primo,1610612759,San Antonio,Spurs,SAS,spurs,spurs,Y,11
3484,1627752,"Prince, Taurean",Taurean Prince,1,2016,2022,taurean_prince,taurean_prince,1610612750,Minnesota,Timberwolves,MIN,timberwolves,timberwolves,Y,01
3488,1630202,"Pritchard, Payton",Payton Pritchard,1,2020,2022,payton_pritchard,payton_pritchard,1610612738,Boston,Celtics,BOS,celtics,celtics,Y,00
3501,1630243,"Queen, Trevelin",Trevelin Queen,1,2021,2022,trevelin_queen,trevelin_queen,1610612745,Houston,Rockets,HOU,rockets,rockets,Y,11
3502,1629674,"Queta, Neemias",Neemias Queta,1,2021,2022,neemias_queta,neemias_queta,1610612758,Sacramento,Kings,SAC,kings,kings,Y,11
3504,1630193,"Quickley, Immanuel",Immanuel Quickley,1,2020,2022,immanuel_quickley,immanuel_quickley,1610612752,New York,Knicks,NYK,knicks,knicks,Y,00
3532,203944,"Randle, Julius",Julius Randle,1,2014,2022,julius_randle,julius_randle,1610612752,New York,Knicks,NYK,knicks,knicks,Y,00
3554,1630559,"Reaves, Austin",Austin Reaves,1,2021,2022,austin_reaves,austin_reaves,1610612747,Los Angeles,Lakers,LAL,lakers,lakers,Y,00
3560,1629629,"Reddish, Cam",Cam Reddish,1,2019,2022,cameron_reddish,cam_reddish,1610612752,New York,Knicks,NYK,knicks,knicks,Y,00
3564,1628432,"Reed, Davon",Davon Reed,1,2017,2022,davon_reed,davon_reed,1610612743,Denver,Nuggets,DEN,nuggets,nuggets,Y,01
3567,1630194,"Reed, Paul",Paul Reed,1,2020,2022,paul_reed,paul_reed,1610612755,Philadelphia,76ers,PHI,sixers,sixers,Y,11
3579,1629675,"Reid, Naz",Naz Reid,1,2019,2022,naz_reid,naz_reid,1610612750,Minnesota,Timberwolves,MIN,timberwolves,timberwolves,Y,01
3600,1630208,"Richards, Nick",Nick Richards,1,2020,2022,nick_richards,nick_richards,1610612766,Charlotte,Hornets,CHA,hornets,hornets,Y,01
3604,1626196,"Richardson, Josh",Josh Richardson,1,2015,2022,josh_richardson,josh_richardson,1610612759,San Antonio,Spurs,SAS,spurs,spurs,Y,01
3630,203085,"Rivers, Austin",Austin Rivers,1,2012,2022,austin_rivers,austin_rivers,1610612743,Denver,Nuggets,DEN,nuggets,nuggets,Y,00
3657,1629130,"Robinson, Duncan",Duncan Robinson,1,2018,2022,duncan_robinson,duncan_robinson,1610612748,Miami,Heat,MIA,heat,heat,Y,01
3667,1629011,"Robinson, Mitchell",Mitchell Robinson,1,2018,2022,mitchell_robinson,mitchell_robinson,1610612752,New York,Knicks,NYK,knicks,knicks,Y,00
3676,1630526,"Robinson-Earl, Jeremiah",Jeremiah Robinson-Earl,1,2021,2022,tmp_jeremiah_robinson-earl,jeremiah_robinson-earl,1610612760,Oklahoma City,Thunder,OKC,thunder,thunder,Y,11
3679,1629676,"Roby, Isaiah",Isaiah Roby,1,2019,2022,roby_isaiah,isaiah_roby,1610612760,Oklahoma City,Thunder,OKC,thunder,thunder,Y,11
3702,200765,"Rondo, Rajon",Rajon Rondo,1,2006,2021,rajon_rondo,rajon_rondo,1610612739,Cleveland,Cavaliers,CLE,cavaliers,cavaliers,Y,00
3704,201565,"Rose, Derrick",Derrick Rose,1,2008,2022,derrick_rose,derrick_rose,1610612752,New York,Knicks,NYK,knicks,knicks,Y,00
3713,203082,"Ross, Terrence",Terrence Ross,1,2012,2022,terrence_ross,terrence_ross,1610612753,Orlando,Magic,ORL,magic,magic,Y,00
3729,1626179,"Rozier, Terry",Terry Rozier,1,2015,2022,terry_rozier,terry_rozier,1610612766,Charlotte,Hornets,CHA,hornets,hornets,Y,01
3730,201937,"Rubio, Ricky",Ricky Rubio,1,2011,2022,ricky_rubio,ricky_rubio,1610612754,Indiana,Pacers,IND,pacers,pacers,Y,00
3750,1626156,"Russell, D'Angelo",D'Angelo Russell,1,2015,2022,d'angelo_russell,dangelo_russell,1610612750,Minnesota,Timberwolves,MIN,timberwolves,timberwolves,Y,00
3754,1630346,"Ryan, Matt",Matt Ryan,1,2021,2022,matt_ryan,matt_ryan,1610612738,Boston,Celtics,BOS,celtics,celtics,Y,11
3756,1627734,"Sabonis, Domantas",Domantas Sabonis,1,2016,2022,domantas_sabonis,domantas_sabonis,1610612758,Sacramento,Kings,SAC,kings,kings,Y,00
3782,203967,"Saric, Dario",Dario Saric,1,2016,2022,dario_saric,dario_saric,1610612756,Phoenix,Suns,PHX,suns,suns,Y,00
3786,203107,"Satoransky, Tomas",Tomas Satoransky,1,2016,2021,tomas_satoransky,tomas_satoransky,1610612764,Washington,Wizards,WAS,wizards,wizards,Y,00
3801,1630648,"Schakel, Jordan",Jordan Schakel,1,2021,2022,jordan_schakel,jordan_schakel,1610612764,Washington,Wizards,WAS,wizards,wizards,Y,11
3818,1629678,"Schofield, Admiral",Admiral Schofield,1,2019,2022,admiral_schofield,admiral_schofield,1610612753,Orlando,Magic,ORL,magic,magic,Y,11
3822,203471,"Schroder, Dennis",Dennis Schroder,1,2013,2022,dennis_schroder,dennis_schroder,1610612745,Houston,Rockets,HOU,rockets,rockets,Y,01
3838,1630206,"Scrubb, Jay",Jay Scrubb,1,2020,2021,jay_scrubb,jay_scrubb,1610612746,LA,Clippers,LAC,clippers,clippers,Y,11
3859,1630578,"Sengun, Alperen",Alperen Sengun,1,2021,2022,alperen_sengun,alperen_sengun,1610612745,Houston,Rockets,HOU,rockets,rockets,Y,00
3864,1629012,"Sexton, Collin",Collin Sexton,1,2018,2022,collin_sexton,collin_sexton,1610612739,Cleveland,Cavaliers,CLE,cavaliers,cavaliers,Y,00
3871,1629013,"Shamet, Landry",Landry Shamet,1,2018,2022,landry_shamet,landry_shamet,1610612756,Phoenix,Suns,PHX,suns,suns,Y,00
3877,1630549,"Sharpe, Day'Ron",Day'Ron Sharpe,1,2021,2022,dayron_sharpe,dayron_sharpe,1610612751,Brooklyn,Nets,BKN,nets,nets,Y,11
3903,1627783,"Siakam, Pascal",Pascal Siakam,1,2016,2022,pascal_siakam,pascal_siakam,1610612761,Toronto,Raptors,TOR,raptors,raptors,Y,01
3918,1627732,"Simmons, Ben",Ben Simmons,1,2016,2022,ben_simmons,ben_simmons,1610612751,Brooklyn,Nets,BKN,nets,nets,Y,00
3927,1630250,"Simonovic, Marko",Marko Simonovic,1,2021,2022,marko_simonovic,marko_simonovic,1610612741,Chicago,Bulls,CHI,bulls,bulls,Y,11
3928,1629014,"Simons, Anfernee",Anfernee Simons,1,2018,2022,anfernee_simons,anfernee_simons,1610612757,Portland,Trail Blazers,POR,blazers,blazers,Y,01
3939,1630579,"Sims, Jericho",Jericho Sims,1,2021,2022,jericho_sims,jericho_sims,1610612752,New York,Knicks,NYK,knicks,knicks,Y,11
3965,1630606,"Smart, Javonte",Javonte Smart,1,2021,2021,javonte_smart,javonte_smart,1610612748,Miami,Heat,MIA,heat,heat,Y,11
3967,203935,"Smart, Marcus",Marcus Smart,1,2014,2022,marcus_smart,marcus_smart,1610612738,Boston,Celtics,BOS,celtics,celtics,Y,01
3993,202397,"Smith, Ish",Ish Smith,1,2010,2022,ish_smith,ish_smith,1610612764,Washington,Wizards,WAS,wizards,wizards,Y,01
3996,1630188,"Smith, Jalen",Jalen Smith,1,2020,2022,jalen_smith,jalen_smith,1610612754,Indiana,Pacers,IND,pacers,pacers,Y,01
4030,1630270,"Sneed, Xavier",Xavier Sneed,1,2021,2022,xavier_sneed,xavier_sneed,1610612762,Utah,Jazz,UTA,jazz,jazz,Y,11
4031,203503,"Snell, Tony",Tony Snell,1,2013,2022,tony_snell,tony_snell,1610612740,New Orleans,Pelicans,NOP,pelicans,pelicans,Y,00
4067,1630531,"Springer, Jaden",Jaden Springer,1,2021,2022,jaden_springer,jaden_springer,1610612755,Philadelphia,76ers,PHI,sixers,sixers,Y,11
4080,203917,"Stauskas, Nik",Nik Stauskas,1,2014,2021,nik_stauskas,nik_stauskas,1610612738,Boston,Celtics,BOS,celtics,celtics,Y,11
4089,202362,"Stephenson, Lance",Lance Stephenson,1,2010,2021,lance_stephenson,lance_stephenson,1610612754,Indiana,Pacers,IND,pacers,pacers,Y,00
4093,1630205,"Stevens, Lamar",Lamar Stevens,1,2020,2022,lamar_stevens,lamar_stevens,1610612739,Cleveland,Cavaliers,CLE,cavaliers,cavaliers,Y,00
4098,1630191,"Stewart, Isaiah",Isaiah Stewart,1,2020,2022,isaiah_stewart,isaiah_stewart,1610612765,Detroit,Pistons,DET,pistons,pistons,Y,00
4135,1629622,"Strus, Max",Max Strus,1,2019,2022,max_strus,max_strus,1610612748,Miami,Heat,MIA,heat,heat,Y,01
4139,1630591,"Suggs, Jalen",Jalen Suggs,1,2021,2022,jalen_suggs,jalen_suggs,1610612753,Orlando,Magic,ORL,magic,magic,Y,00
4175,1630256,"Tate, Jae'Sean",Jae'Sean Tate,1,2020,2022,jaesean_tate,jaesean_tate,1610612745,Houston,Rockets,HOU,rockets,rockets,Y,00
4177,1628369,"Tatum, Jayson",Jayson Tatum,1,2017,2022,jayson_tatum,jayson_tatum,1610612738,Boston,Celtics,BOS,celtics,celtics,Y,00
4193,1630678,"Taylor, Terry",Terry Taylor,1,2021,2022,terry_taylor,terry_taylor,1610612754,Indiana,Pacers,IND,pacers,pacers,Y,11
4201,202066,"Temple, Garrett",Garrett Temple,1,2009,2022,garrett_temple,garrett_temple,1610612740,New Orleans,Pelicans,NOP,pelicans,pelicans,Y,01
4211,1630179,"Terry, Tyrell",Tyrell Terry,1,2020,2021,tyrell_terry,tyrell_terry,1610612763,Memphis,Grizzlies,MEM,grizzlies,grizzlies,Y,11
4215,1628464,"Theis, Daniel",Daniel Theis,1,2017,2022,daniel_theis,daniel_theis,1610612738,Boston,Celtics,BOS,celtics,celtics,Y,00
4223,1630271,"Thomas, Brodric",Brodric Thomas,1,2020,2022,brodric_thomas,brodric_thomas,1610612738,Boston,Celtics,BOS,celtics,celtics,Y,11
4224,1630560,"Thomas, Cam",Cam Thomas,1,2021,2022,cam_thomas,cam_thomas,1610612751,Brooklyn,Nets,BKN,nets,nets,Y,00
4229,202738,"Thomas, Isaiah",Isaiah Thomas,1,2011,2022,isaiah_thomas,isaiah_thomas,1610612766,Charlotte,Hornets,CHA,hornets,hornets,Y,11
4241,1629744,"Thomas, Matt",Matt Thomas,1,2019,2022,matt_thomas,matt_thomas,1610612741,Chicago,Bulls,CHI,bulls,bulls,Y,01
4257,202691,"Thompson, Klay",Klay Thompson,1,2011,2022,klay_thompson,klay_thompson,1610612744,Golden State,Warriors,GSW,warriors,warriors,Y,00
4263,202684,"Thompson, Tristan",Tristan Thompson,1,2011,2022,tristan_thompson,tristan_thompson,1610612741,Chicago,Bulls,CHI,bulls,bulls,Y,00
4264,1630550,"Thor, JT",JT Thor,1,2021,2022,jt_thor,jt_thor,1610612766,Charlotte,Hornets,CHA,hornets,hornets,Y,11
4274,1629680,"Thybulle, Matisse",Matisse Thybulle,1,2019,2022,matisse_thybulle,matisse_thybulle,1610612755,Philadelphia,76ers,PHI,sixers,sixers,Y,00
4277,1629681,"Tillie, Killian",Killian Tillie,1,2020,2022,killian_tillie,killian_tillie,1610612763,Memphis,Grizzlies,MEM,grizzlies,grizzlies,Y,11
4280,1630214,"Tillman Sr., Xavier",Xavier Tillman Sr.,1,2020,2022,xavier_tillman,xavier_tillman_sr,1610612763,Memphis,Grizzlies,MEM,grizzlies,grizzlies,Y,00
4285,1630225,"Todd, Isaiah",Isaiah Todd,1,2021,2022,isaiah_todd,isaiah_todd,1610612764,Washington,Wizards,WAS,wizards,wizards,Y,11
4298,1630167,"Toppin, Obi",Obi Toppin,1,2020,2022,obi_toppin,obi_toppin,1610612752,New York,Knicks,NYK,knicks,knicks,Y,00
4302,1629308,"Toscano-Anderson, Juan",Juan Toscano-Anderson,1,2019,2022,juan_toscano-anderson,juan_toscano-anderson,1610612744,Golden State,Warriors,GSW,warriors,warriors,Y,01
4310,1626157,"Towns, Karl-Anthony",Karl-Anthony Towns,1,2015,2022,karl-anthony_towns,karl-anthony_towns,1610612750,Minnesota,Timberwolves,MIN,timberwolves,timberwolves,Y,00
4316,1629018,"Trent Jr., Gary",Gary Trent Jr.,1,2018,2022,gary_trent_jr,gary_trent_jr,1610612761,Toronto,Raptors,TOR,raptors,raptors,Y,01
4331,200782,"Tucker, P.J.",P.J. Tucker,1,2006,2022,pj_tucker,pj_tucker,1610612748,Miami,Heat,MIA,heat,heat,Y,01
4332,1629730,"Tucker, Rayjon",Rayjon Tucker,1,2019,2021,rayjon_tucker,rayjon_tucker,1610612749,Milwaukee,Bucks,MIL,bucks,bucks,Y,11
4346,1626167,"Turner, Myles",Myles Turner,1,2015,2022,myles_turner,myles_turner,1610612754,Indiana,Pacers,IND,pacers,pacers,Y,00
4367,202685,"Valanciunas, Jonas",Jonas Valanciunas,1,2012,2022,jonas_valanciunas,jonas_valanciunas,1610612740,New Orleans,Pelicans,NOP,pelicans,pelicans,Y,00
4379,1627832,"VanVleet, Fred",Fred VanVleet,1,2016,2022,fred_vanvleet,fred_vanvleet,1610612761,Toronto,Raptors,TOR,raptors,raptors,Y,01
4382,1629020,"Vanderbilt, Jarred",Jarred Vanderbilt,1,2018,2022,jarred_vanderbilt,jarred_vanderbilt,1610612750,Minnesota,Timberwolves,MIN,timberwolves,timberwolves,Y,01
4391,1630170,"Vassell, Devin",Devin Vassell,1,2020,2022,devin_vassell,devin_vassell,1610612759,San Antonio,Spurs,SAS,spurs,spurs,Y,00
4406,1629216,"Vincent, Gabe",Gabe Vincent,1,2019,2022,gabe_vincent,gabe_vincent,1610612748,Miami,Heat,MIA,heat,heat,Y,01
4422,202696,"Vucevic, Nikola",Nikola Vucevic,1,2011,2022,nikola_vucevic,nikola_vucevic,1610612741,Chicago,Bulls,CHI,bulls,bulls,Y,00
4424,1629731,"Wade, Dean",Dean Wade,1,2019,2022,dean_wade,dean_wade,1610612739,Cleveland,Cavaliers,CLE,cavaliers,cavaliers,Y,01
4431,1630532,"Wagner, Franz",Franz Wagner,1,2021,2022,franz_wagner,franz_wagner,1610612753,Orlando,Magic,ORL,magic,magic,Y,00
4433,1629021,"Wagner, Moritz",Moritz Wagner,1,2018,2022,moritz_wagner,moritz_wagner,1610612753,Orlando,Magic,ORL,magic,magic,Y,01
4434,1630688,"Wainright, Ish",Ish Wainright,1,2021,2022,ish_wainwright,ish_wainright,1610612756,Phoenix,Suns,PHX,suns,suns,Y,00
4449,202689,"Walker, Kemba",Kemba Walker,1,2011,2022,kemba_walker,kemba_walker,1610612752,New York,Knicks,NYK,knicks,knicks,Y,00
4455,1629022,"Walker IV, Lonnie",Lonnie Walker IV,1,2018,2022,lonnie_walker,lonnie_walker_iv,1610612759,San Antonio,Spurs,SAS,spurs,spurs,Y,01
4456,202322,"Wall, John",John Wall,1,2010,2022,john_wall,john_wall,1610612745,Houston,Rockets,HOU,rockets,rockets,Y,00
4487,203933,"Warren, T.J.",T.J. Warren,1,2014,2022,tj_warren,tj_warren,1610612754,Indiana,Pacers,IND,pacers,pacers,Y,01
4500,1629023,"Washington, P.J.",P.J. Washington,1,2019,2022,pj_washington,pj_washington,1610612766,Charlotte,Hornets,CHA,hornets,hornets,Y,00
4504,1630613,"Washington Jr., Duane",Duane Washington Jr.,1,2021,2022,duane_washington_jr,duane_washington_jr,1610612754,Indiana,Pacers,IND,pacers,pacers,Y,00
4506,1629139,"Watanabe, Yuta",Yuta Watanabe,1,2018,2022,yuta_watanabe,yuta_watanabe,1610612761,Toronto,Raptors,TOR,raptors,raptors,Y,11
4508,1630322,"Waters III, Lindy",Lindy Waters III,1,2021,2022,lindy_waters_iii,lindy_waters_iii,1610612760,Oklahoma City,Thunder,OKC,thunder,thunder,Y,11
4509,1630570,"Watford, Trendon",Trendon Watford,1,2021,2022,trendon_watford,trendon_watford,1610612757,Portland,Trail Blazers,POR,blazers,blazers,Y,00
4523,1629683,"Weatherspoon, Quinndary",Quinndary Weatherspoon,1,2019,2022,quinndary_weatherspoon,quinndary_weatherspoon,1610612744,Golden State,Warriors,GSW,warriors,warriors,Y,11
4562,201566,"Westbrook, Russell",Russell Westbrook,1,2008,2022,russell_westbrook,russell_westbrook,1610612747,Los Angeles,Lakers,LAL,lakers,lakers,Y,00
4572,1629632,"White, Coby",Coby White,1,2019,2022,coby_white,coby_white,1610612741,Chicago,Bulls,CHI,bulls,bulls,Y,00
4574,1628401,"White, Derrick",Derrick White,1,2017,2022,derrick_white,derrick_white,1610612738,Boston,Celtics,BOS,celtics,celtics,Y,01
4596,202355,"Whiteside, Hassan",Hassan Whiteside,1,2010,2022,hassan_whiteside,hassan_whiteside,1610612762,Utah,Jazz,UTA,jazz,jazz,Y,01
4605,1630580,"Wieskamp, Joe",Joe Wieskamp,1,2021,2022,joe_wieskamp,joe_wieskamp,1610612759,San Antonio,Spurs,SAS,spurs,spurs,Y,11
4606,1630598,"Wiggins, Aaron",Aaron Wiggins,1,2021,2022,aaron_wiggins,aaron_wiggins,1610612760,Oklahoma City,Thunder,OKC,thunder,thunder,Y,00
4607,203952,"Wiggins, Andrew",Andrew Wiggins,1,2014,2022,andrew_wiggins,andrew_wiggins,1610612744,Golden State,Warriors,GSW,warriors,warriors,Y,00
4609,1629623,"Wigginton, Lindell",Lindell Wigginton,1,2021,2022,lindell_wigginton,lindell_wigginton,1610612749,Milwaukee,Bucks,MIL,bucks,bucks,Y,11
4638,1630314,"Williams, Brandon",Brandon Williams,1,2021,2022,tmp_brandon_williams,brandon_williams,1610612757,Portland,Trail Blazers,POR,blazers,blazers,Y,11
4653,1629684,"Williams, Grant",Grant Williams,1,2019,2022,grant_williams,grant_williams,1610612738,Boston,Celtics,BOS,celtics,celtics,Y,00
4670,1629026,"Williams, Kenrich",Kenrich Williams,1,2018,2022,kenrich_williams,kenrich_williams,1610612760,Oklahoma City,Thunder,OKC,thunder,thunder,Y,01
4673,101150,"Williams, Lou",Lou Williams,1,2005,2022,lou_williams,lou_williams,1610612737,Atlanta,Hawks,ATL,hawks,hawks,Y,01
4684,1630172,"Williams, Patrick",Patrick Williams,1,2020,2022,patrick_williams,patrick_williams,1610612741,Chicago,Bulls,CHI,bulls,bulls,Y,00
4707,1630533,"Williams, Ziaire",Ziaire Williams,1,2021,2022,ziaire_williams,ziaire_williams,1610612763,Memphis,Grizzlies,MEM,grizzlies,grizzlies,Y,00
4708,1629057,"Williams III, Robert",Robert Williams III,1,2018,2022,robert_williams,robert_williams_iii,1610612738,Boston,Celtics,BOS,celtics,celtics,Y,01
4714,1629627,"Williamson, Zion",Zion Williamson,1,2019,2022,zion_williamson,zion_williamson,1610612740,New Orleans,Pelicans,NOP,pelicans,pelicans,Y,00
4734,1629685,"Windler, Dylan",Dylan Windler,1,2019,2022,dylan_windler,dylan_windler,1610612739,Cleveland,Cavaliers,CLE,cavaliers,cavaliers,Y,11
4741,1626159,"Winslow, Justise",Justise Winslow,1,2015,2022,justise_winslow,justise_winslow,1610612757,Portland,Trail Blazers,POR,blazers,blazers,Y,00
4743,1630216,"Winston, Cassius",Cassius Winston,1,2020,2021,cassius_winston,cassius_winston,1610612764,Washington,Wizards,WAS,wizards,wizards,Y,11
4748,1630164,"Wiseman, James",James Wiseman,1,2020,2022,james_wiseman,james_wiseman,1610612744,Golden State,Warriors,GSW,warriors,warriors,Y,11
4759,1626174,"Wood, Christian",Christian Wood,1,2015,2022,christian_wood,christian_wood,1610612745,Houston,Rockets,HOU,rockets,rockets,Y,01
4763,1630218,"Woodard II, Robert",Robert Woodard II,1,2020,2022,robert_woodard_ii,robert_woodard_ii,1610612759,San Antonio,Spurs,SAS,spurs,spurs,Y,11
4782,1626153,"Wright, Delon",Delon Wright,1,2015,2022,delon_wright,delon_wright,1610612737,Atlanta,Hawks,ATL,hawks,hawks,Y,01
4790,1630589,"Wright, Moses",Moses Wright,1,2021,2022,moses_wright,moses_wright,1610612742,Dallas,Mavericks,DAL,mavericks,mavericks,Y,11
4792,1630593,"Wright IV, McKinley",McKinley Wright IV,1,2021,2022,mckinley_wright_iv,mckinley_wright_iv,1610612750,Minnesota,Timberwolves,MIN,timberwolves,timberwolves,Y,11
4805,1628221,"York, Gabe",Gabe York,1,2021,2021,gabe_york,gabe_york,1610612754,Indiana,Pacers,IND,pacers,pacers,Y,11
4814,201152,"Young, Thaddeus",Thaddeus Young,1,2007,2022,thaddeus_young,thaddeus_young,1610612761,Toronto,Raptors,TOR,raptors,raptors,Y,00
4816,1629027,"Young, Trae",Trae Young,1,2018,2022,trae_young,trae_young,1610612737,Atlanta,Hawks,ATL,hawks,hawks,Y,00
4817,1630209,"Yurtseven, Omer",Omer Yurtseven,1,2020,2022,tmp_omer_yurtseven,omer_yurtseven,1610612748,Miami,Heat,MIA,heat,heat,Y,01
4836,1627826,"Zubac, Ivica",Ivica Zubac,1,2016,2022,ivica_zubac,ivica_zubac,1610612746,LA,Clippers,LAC,clippers,clippers,Y,01
